sub_num,case_nm,d_c7_close,d_c7_mid,d_c7_far,d_c7_high
1,AB,0.010013,0.067564,0.23594,0.067703
1,AB,0.026123,0.10011,0.18282,0.029996
1,AB,0.035925,0.072323,0.21711,0.075647
1,AB,0.017517,0.069258,0.20091,0.047199
1,AB,0.034531,0.082297,0.22344,0.080398
1,AB,0.023833,0.054826,0.1801,0.033571
1,AB,0.017254,0.054939,0.18298,0.066657
1,AB,0.012776,0.1006,0.21707,0.050904
1,AB,0.025048,0.12256,0.20134,0.12283
1,AB,0.0064882,0.10527,0.21529,0.090715
1,EP,0.10933,0.10087,0.25545,0.12311
1,EP,0.061434,0.092931,0.25475,0.11529
1,EP,0.055873,0.13493,0.20609,0.081756
1,EP,0.059583,0.1168,0.22574,0.10812
1,EP,0.039385,0.065789,0.24254,0.051033
1,EP,0.035258,0.05942,0.25037,0.094404
1,EP,0.016927,0.077131,0.26525,0.096451
1,EP,0.075204,0.098737,0.25355,0.073214
1,EP,0.055857,0.090985,0.25275,0.10869
1,EP,0.091237,0.10803,0.25881,0.099425
1,TS,0.096576,0.072593,0.26416,0.041007
1,TS,0.088767,0.083372,0.2575,0.058475
1,TS,0.10344,0.056728,0.26149,0.044182
1,TS,0.089295,0.1013,0.21395,0.051633
1,TS,0.07664,0.12014,0.21584,0.047118
1,TS,0.024613,0.083725,0.20552,0.050098
1,TS,0.05972,0.091346,0.2348,0.030553
1,TS,0.096689,0.09386,0.2416,0.066946
1,TS,0.03902,0.1097,0.22094,0.019848
1,TS,0.061648,0.11204,0.25033,0.040431
1,JS,0.056397,0.16103,0.29449,0.13012
1,JS,0.19422,0.045374,0.33411,0.047394
1,JS,0.094539,0.03178,0.2891,0.13286
1,JS,0.065997,0.069911,0.28521,0.15391
1,JS,0.037393,0.12716,0.28979,0.10789
1,JS,0.15802,0.12149,0.3054,0.092585
1,JS,0.065882,0.10457,0.27356,0.11865
1,JS,0.10376,0.11327,0.23389,0.10773
1,JS,0.11197,0.080387,0.26791,0.050629
1,JS,0.068786,0.0778,0.22829,0.079485
2,AB,0.0099552,0.047397,0.31685,0.011206
2,AB,0.012538,0.078316,0.27909,0.03166
2,AB,0.0022712,0.066621,0.26946,0.028771
2,AB,0.0093458,0.045884,0.29523,0.022418
2,AB,0.0054723,0.053428,0.26987,0.017872
2,AB,0.0072389,0.026432,0.28662,0.00927
2,AB,0.0033785,0.024804,0.28607,0.0012166
2,AB,0.0042349,0.049681,0.27807,0.042651
2,AB,0.017074,0.054263,0.27318,0.043022
2,AB,0.0037928,0.051931,0.27564,0.041116
2,EP,0.020124,0.019687,0.25359,0.019
2,EP,0.017613,0.010489,0.28268,0.020888
2,EP,0.0098267,0.019319,0.2616,0.031738
2,EP,0.012516,0.010644,0.27448,0.021884
2,EP,0.00822,0.020519,0.26304,0.018237
2,EP,0.0053912,0.027699,0.24453,0.026142
2,EP,0.016369,0.009484,0.29317,0.025482
2,EP,0.011984,0.025398,0.26988,0.028445
2,EP,0.0048778,0.026854,0.30025,0.015921
2,EP,0.013216,0.022972,0.2575,0.011682
2,TS,0.067879,0.0077264,0.24176,0.025305
2,TS,0.0099064,0.021062,0.20476,0.03439
2,TS,0.037063,0.020395,0.27056,0.054695
2,TS,0.044543,0.020858,0.24002,0.028101
2,TS,0.024618,0.024341,0.21854,0.032651
2,TS,0.02916,0.011786,0.19717,0.045041
2,TS,0.021964,0.014186,0.20297,0.017261
2,TS,0.038232,0.025237,0.24147,0.073465
2,TS,0.040436,0.034575,0.16717,0.014155
2,TS,0.027928,0.016286,0.17442,0.027572
2,JS,0.014767,0.038606,0.2971,0.014278
2,JS,0.0039582,0.021786,0.27312,0.013212
2,JS,0.015715,0.024217,0.26398,0.019618
2,JS,0.022811,0.033644,0.25251,0.0068175
2,JS,0.028073,0.035496,0.26548,0.008693
2,JS,0.024523,0.032509,0.25125,0.013598
2,JS,0.014545,0.02793,0.25705,0.011733
2,JS,0.013664,0.056228,0.2282,0.012629
2,JS,0.022184,0.042424,0.25443,0.027673
2,JS,0.026508,0.041914,0.27427,0.01421
3,AB,0.014167,0.085876,0.281,0.070565
3,AB,0.0036821,0.060121,0.23511,0.07082
3,AB,0.010727,0.040296,0.24542,0.086703
3,AB,0.006477,0.039088,0.21479,0.088425
3,AB,0.0046031,0.083916,0.22658,0.075678
3,AB,0.02272,0.062975,0.2686,0.074879
3,AB,0.0032904,0.049624,0.21893,0.081182
3,AB,0.016152,0.076475,0.21742,0.079557
3,AB,0.0038893,0.04845,0.22518,0.048787
3,AB,0.0071646,0.053478,0.26215,0.071269
3,EP,0.021693,0.17526,0.30812,0.036601
3,EP,0.025538,0.15343,0.32721,0.078834
3,EP,0.1343,0.049743,0.32379,0.13302
3,EP,0.02699,0.13144,0.3079,0.10904
3,EP,0.072534,0.06314,0.33965,0.11006
3,EP,0.039567,0.14774,0.32838,0.073404
3,EP,0.142,0.14231,0.29593,0.0809
3,EP,0.032394,0.15063,0.30509,0.068269
3,EP,0.022913,0.14235,0.32669,0.036443
3,EP,0.039024,0.14669,0.34171,0.057827
3,TS,0.039916,0.051719,0.27038,0.050567
3,TS,0.012172,0.14022,0.26856,0.045758
3,TS,0.033353,0.089526,0.28271,0.070159
3,TS,0.013526,0.12935,0.29722,0.061814
3,TS,0.008316,0.031765,0.23464,0.064493
3,TS,0.023932,0.15245,0.24079,0.070463
3,TS,0.035928,0.053975,0.2817,0.12266
3,TS,0.02408,0.080623,0.31454,0.11031
3,TS,0.010607,0.15787,0.28396,0.09265
3,TS,0.014149,0.15047,0.35764,0.10091
3,JS,0.034491,0.157,0.33724,0.075169
3,JS,0.038644,0.16701,0.33062,0.11649
3,JS,0.011825,0.19672,0.30974,0.080678
3,JS,0.018719,0.18672,0.32762,0.075058
3,JS,0.030758,0.15609,0.33121,0.057326
3,JS,0.053836,0.15714,0.30098,0.07292
3,JS,0.054724,0.17123,0.29482,0.066455
3,JS,0.02422,0.17488,0.3677,0.10336
3,JS,0.042606,0.15606,0.28394,0.12564
3,JS,0.029437,0.15287,0.30005,0.10644
4,AB,0.018069,0.010561,0.12215,0.059236
4,AB,0.018364,0.021892,0.1715,0.030181
4,AB,0.012751,0.022884,0.13601,0.025117
4,AB,0.011358,0.022079,0.16993,0.021058
4,AB,0.0061961,0.0067698,0.16828,0.037168
4,AB,0.010474,0.029504,0.16218,0.041742
4,AB,0.01928,0.017226,0.15851,0.023125
4,AB,0.0073326,0.0053172,0.12853,0.026674
4,AB,0.011819,0.030227,0.15667,0.029444
4,AB,0.026438,0.02488,0.12876,0.045243
4,EP,0.12033,0.19904,0.34054,0.15887
4,EP,0.073288,0.28771,0.37474,0.13858
4,EP,0.089303,0.29999,0.3621,0.16858
4,EP,0.056333,0.25428,0.28258,0.1349
4,EP,0.01709,0.24472,0.31047,0.12937
4,EP,0.14246,0.19651,0.34791,0.11514
4,EP,0.034989,0.16804,0.29979,0.13395
4,EP,0.076602,0.15258,0.2887,0.11101
4,EP,0.10484,0.17248,0.2994,0.17681
4,EP,0.15691,0.21799,0.31964,0.105
4,TS,0.031771,0.09872,0.25119,0.11029
4,TS,0.037328,0.036504,0.23698,0.060534
4,TS,0.10249,0.038116,0.26311,0.053725
4,TS,0.056967,0.10815,0.23167,0.11458
4,TS,0.080786,0.067629,0.28873,0.020825
4,TS,0.066441,0.018226,0.21412,0.11153
4,TS,0.1136,0.01323,0.32606,0.1156
4,TS,0.063177,0.05691,0.22983,0.078124
4,TS,0.10234,0.095802,0.2347,0.0904
4,TS,0.057171,0.073296,0.28221,0.13503
4,JS,0.067795,0.20359,0.30278,0.054351
4,JS,0.054681,0.075878,0.26487,0.035769
4,JS,0.062457,0.10276,0.29266,0.051176
4,JS,0.10251,0.086241,0.28463,0.034758
4,JS,0.18486,0.075655,0.32672,0.0793
4,JS,0.057266,0.056628,0.25535,0.024271
4,JS,0.071746,0.099146,0.26108,0.062002
4,JS,0.069173,0.049908,0.29709,0.096614
4,JS,0.13775,0.15391,0.27873,0.042843
4,JS,0.055312,0.064527,0.24376,0.076047
5,AB,0.028637,0.028442,0.18873,0.039978
5,AB,0.010101,0.048355,0.17489,0.029947
5,AB,0.01271,0.041648,0.21618,0.035021
5,AB,0.0072549,0.021965,0.19905,0.015725
5,AB,0.010802,0.033137,0.23372,0.030942
5,AB,0.024992,0.0076612,0.1936,0.028504
5,AB,0.0096224,0.0094778,0.23838,0.046737
5,AB,0.010635,0.04228,0.18311,0.0062909
5,AB,0.023758,0.023651,0.20547,0.017788
5,AB,0.015894,0.036918,0.20689,0.014398
5,EP,0.03144,0.051393,0.1969,0.13862
5,EP,0.048567,0.077584,0.17322,0.089913
5,EP,0.046819,0.081877,0.15967,0.081982
5,EP,0.027664,0.059516,0.12591,0.1102
5,EP,0.0085434,0.075572,0.17606,0.048917
5,EP,0.021412,0.052344,0.19566,0.067025
5,EP,0.0096025,0.043194,0.1277,0.10146
5,EP,0.042525,0.086744,0.14584,0.035287
5,EP,0.044747,0.10298,0.15361,0.041947
5,EP,0.056387,0.13045,0.18002,0.037264
5,TS,0.032183,0.14312,0.21661,0.044082
5,TS,0.048739,0.09922,0.2359,0.048977
5,TS,0.023153,0.076095,0.25618,0.054235
5,TS,0.034884,0.060615,0.27058,0.10083
5,TS,0.018275,0.036635,0.23612,0.024132
5,TS,0.047318,0.018586,0.25903,0.075418
5,TS,0.029998,0.060117,0.2352,0.030283
5,TS,0.023688,0.030246,0.29062,0.022585
5,TS,0.025242,0.0097636,0.19298,0.046631
5,TS,0.019073,0.029452,0.25753,0.03421
5,JS,0.26377,0.066173,0.17631,0.17848
5,JS,0.16083,0.081221,0.17429,0.097783
5,JS,0.099355,0.074393,0.21378,0.12738
5,JS,0.046365,0.076175,0.25735,0.19752
5,JS,0.03068,0.032677,0.29638,0.20248
5,JS,0.04725,0.10842,0.23202,0.16303
5,JS,0.037938,0.16888,0.23347,0.19429
5,JS,0.032309,0.11072,0.32034,0.14978
5,JS,0.010152,0.062202,0.24012,0.11371
5,JS,0.087942,0.134,0.24364,0.13771
6,AB,0.023393,0.057849,0.31059,0.035475
6,AB,0.015064,0.038156,0.30267,0.083584
6,AB,0.024439,0.042081,0.31892,0.071144
6,AB,0.016174,0.066918,0.28388,0.054846
6,AB,0.01908,0.072825,0.34458,0.051313
6,AB,0.015833,0.06399,0.29562,0.090465
6,AB,0.017744,0.071898,0.26976,0.061433
6,AB,0.02279,0.098566,0.28151,0.055334
6,AB,0.027884,0.090609,0.32381,0.050513
6,AB,0.033198,0.09483,0.30936,0.049544
6,EP,0.024658,0.10325,0.31974,0.05038
6,EP,0.016342,0.055187,0.29377,0.050639
6,EP,0.013371,0.10747,0.31532,0.060299
6,EP,0.030743,0.07267,0.34472,0.027891
6,EP,0.036252,0.1256,0.3166,0.041786
6,EP,0.029133,0.077465,0.30551,0.023981
6,EP,0.015867,0.12334,0.35227,0.05094
6,EP,0.031592,0.098296,0.2585,0.050143
6,EP,0.045467,0.08492,0.33068,0.043115
6,EP,0.055386,0.089959,0.32622,0.029172
6,TS,0.030341,0.022645,0.20899,0.028606
6,TS,0.021201,0.085573,0.22334,0.051476
6,TS,0.019099,0.0076451,0.25309,0.056866
6,TS,0.0058478,0.037748,0.24931,0.036269
6,TS,0.024158,0.052522,0.26192,0.068601
6,TS,0.034427,0.084576,0.28689,0.046264
6,TS,0.019952,0.026408,0.2339,0.028202
6,TS,0.0268,0.058725,0.22617,0.059758
6,TS,0.022621,0.05945,0.26185,0.043749
6,TS,0.019093,0.028288,0.22555,0.030757
6,JS,0.017221,0.077699,0.38083,0.027506
6,JS,0.024512,0.094863,0.34161,0.013886
6,JS,0.042456,0.10287,0.29637,0.020117
6,JS,0.039203,0.12033,0.33771,0.036825
6,JS,0.014184,0.10666,0.3554,0.038415
6,JS,0.046206,0.07893,0.34853,0.026957
6,JS,0.031573,0.090712,0.32781,0.016168
6,JS,0.014817,0.071989,0.32576,0.022725
6,JS,0.04413,0.091544,0.30555,0.024002
6,JS,0.027744,0.10641,0.32772,0.03037
7,AB,0.011616,0.12758,0.26566,0.09393
7,AB,0.011159,0.077386,0.27313,0.1058
7,AB,0.074492,0.097567,0.2578,0.14252
7,AB,0.028404,0.057741,0.269,0.088894
7,AB,0.010526,0.05795,0.26716,0.12562
7,AB,0.012398,0.080585,0.26206,0.064315
7,AB,0.024795,0.068251,0.24237,0.11386
7,AB,0.022213,0.074948,0.26621,0.099027
7,AB,0.019719,0.061333,0.25669,0.10579
7,AB,0.028698,0.0568,0.24825,0.14959
7,EP,0.01984,0.11496,0.36677,0.10344
7,EP,0.048578,0.13581,0.29734,0.10434
7,EP,0.0473,0.15934,0.3462,0.10967
7,EP,0.011767,0.12208,0.29213,0.12289
7,EP,0.073747,0.14826,0.34841,0.12719
7,EP,0.049974,0.1274,0.29304,0.094042
7,EP,0.026593,0.10956,0.31387,0.071142
7,EP,0.036713,0.097603,0.37292,0.10721
7,EP,0.039205,0.10048,0.30726,0.13268
7,EP,0.09992,0.10094,0.2629,0.13166
7,TS,0.0297,0.053496,0.30043,0.028342
7,TS,0.050871,0.056447,0.2907,0.051199
7,TS,0.0048434,0.058937,0.30741,0.048692
7,TS,0.036161,0.04176,0.28284,0.061838
7,TS,0.014044,0.049647,0.30033,0.1157
7,TS,0.052126,0.090965,0.28189,0.042936
7,TS,0.055957,0.076141,0.27138,0.03105
7,TS,0.043931,0.052357,0.26245,0.018579
7,TS,0.060275,0.07337,0.27991,0.04518
7,TS,0.080105,0.01955,0.27567,0.037462
7,JS,0.04434,0.08706,0.31451,0.063949
7,JS,0.089167,0.09859,0.30487,0.089237
7,JS,0.061599,0.079922,0.3139,0.1194
7,JS,0.03111,0.077228,0.31459,0.12349
7,JS,0.083738,0.081033,0.29085,0.077863
7,JS,0.049218,0.090973,0.29991,0.022284
7,JS,0.039193,0.084703,0.29993,0.13907
7,JS,0.040262,0.12589,0.29043,0.067105
7,JS,0.088168,0.092273,0.28203,0.034056
7,JS,0.03418,0.05892,0.29926,0.064076
8,AB,0.020685,0.057651,0.30258,0.026822
8,AB,0.006947,0.033944,0.27138,0.085589
8,AB,0.022805,0.067618,0.26688,0.05066
8,AB,0.032132,0.049341,0.21815,0.12539
8,AB,0.01711,0.080911,0.27932,0.031347
8,AB,0.022454,0.069395,0.29729,0.044959
8,AB,0.0079098,0.046733,0.25711,0.02766
8,AB,0.010571,0.026291,0.26034,0.011689
8,AB,0.017111,0.046398,0.26242,0.022296
8,AB,0.037488,0.018121,0.28543,0.006763
8,EP,0.031199,0.090383,0.28773,0.085401
8,EP,0.033651,0.10983,0.20061,0.04896
8,EP,0.0091571,0.049235,0.24403,0.046873
8,EP,0.010017,0.056558,0.27508,0.026201
8,EP,0.0091086,0.059282,0.21818,0.095258
8,EP,0.0073349,0.084951,0.21065,0.043424
8,EP,0.050483,0.054654,0.24161,0.10687
8,EP,0.036796,0.061722,0.28831,0.085925
8,EP,0.080191,0.031567,0.2674,0.07757
8,EP,0.018484,0.053137,0.19784,0.025358
8,TS,0.0089464,0.079797,0.22674,0.065468
8,TS,0.03707,0.097982,0.18223,0.034898
8,TS,0.018717,0.075112,0.2856,0.04716
8,TS,0.024279,0.099492,0.24061,0.063289
8,TS,0.019337,0.02278,0.18247,0.036848
8,TS,0.025468,0.037357,0.15975,0.027828
8,TS,0.019188,0.14707,0.18729,0.053896
8,TS,0.014596,0.13831,0.15632,0.033872
8,TS,0.017697,0.096848,0.22948,0.033581
8,TS,0.014354,0.022964,0.21844,0.049292
8,JS,0.052068,0.081403,0.25714,0.086718
8,JS,0.043079,0.1027,0.2637,0.058296
8,JS,0.025951,0.11105,0.33101,0.11421
8,JS,0.032922,0.047987,0.31237,0.043379
8,JS,0.0079197,0.16755,0.27131,0.032401
8,JS,0.050042,0.12678,0.29113,0.034686
8,JS,0.093476,0.057133,0.25223,0.084263
8,JS,0.038898,0.18722,0.36158,0.051679
8,JS,0.026317,0.11993,0.29124,0.043281
8,JS,0.032375,0.090673,0.27955,0.032454
9,AB,0.016039,0.079507,0.35409,0.041356
9,AB,0.015469,0.069606,0.35584,0.049988
9,AB,0.014994,0.031114,0.37029,0.030752
9,AB,0.0089401,0.025138,0.34604,0.054765
9,AB,0.0069689,0.036917,0.35538,0.06267
9,AB,0.02189,0.083844,0.34579,0.05236
9,AB,0.014634,0.035723,0.40389,0.04793
9,AB,0.014008,0.062575,0.37,0.045192
9,AB,0.012106,0.054214,0.34699,0.046314
9,AB,0.0063018,0.062628,0.35597,0.034732
9,EP,0.046906,0.092121,0.36552,0.17497
9,EP,0.13021,0.11906,0.48654,0.058991
9,EP,0.1089,0.079441,0.42771,0.090312
9,EP,0.089429,0.047219,0.40016,0.10037
9,EP,0.073959,0.048975,0.44168,0.095438
9,EP,0.086487,0.094583,0.3342,0.081035
9,EP,0.073443,0.12486,0.40066,0.17788
9,EP,0.12726,0.059901,0.41492,0.086604
9,EP,0.12818,0.092571,0.40558,0.19699
9,EP,0.12227,0.1065,0.40078,0.056286
9,TS,0.11638,0.073337,0.36831,0.061318
9,TS,0.13544,0.095343,0.36835,0.17576
9,TS,0.12697,0.17884,0.39083,0.11326
9,TS,0.15317,0.076329,0.3685,0.1359
9,TS,0.09524,0.22435,0.38041,0.11025
9,TS,0.21444,0.080708,0.38946,0.18995
9,TS,0.14595,0.18307,0.27555,0.11365
9,TS,0.18453,0.043633,0.37161,0.13856
9,TS,0.21508,0.051826,0.39493,0.1056
9,TS,0.18908,0.091239,0.3804,0.20581
9,JS,0.14682,0.073536,0.35634,0.15098
9,JS,0.14923,0.13718,0.39512,0.12033
9,JS,0.20665,0.097674,0.40306,0.12838
9,JS,0.14636,0.070939,0.33923,0.14102
9,JS,0.16808,0.10751,0.36703,0.12258
9,JS,0.10447,0.075561,0.36376,0.2001
9,JS,0.18899,0.070546,0.34888,0.17457
9,JS,0.10861,0.075516,0.33176,0.19566
9,JS,0.17703,0.10386,0.35109,0.15667
9,JS,0.14465,0.14973,0.3236,0.15076
10,AB,0.02016,0.049125,0.18746,0.013213
10,AB,0.018882,0.060395,0.16442,0.036969
10,AB,0.0077691,0.054519,0.20069,0.034885
10,AB,0.025586,0.051676,0.18911,0.02518
10,AB,0.016766,0.064959,0.17635,0.025557
10,AB,0.032756,0.072128,0.19226,0.025888
10,AB,0.019201,0.078905,0.22877,0.036855
10,AB,0.021495,0.076938,0.22785,0.019168
10,AB,0.023122,0.049886,0.16538,0.030076
10,AB,0.077921,0.037141,0.17265,0.01727
10,EP,0.058313,0.13393,0.29539,0.13382
10,EP,0.027649,0.076501,0.251,0.13177
10,EP,0.050834,0.18357,0.30598,0.13535
10,EP,0.041418,0.18677,0.28444,0.061161
10,EP,0.032104,0.16471,0.30749,0.086764
10,EP,0.051973,0.14871,0.31767,0.053396
10,EP,0.04668,0.1442,0.29182,0.05908
10,EP,0.033736,0.13488,0.31597,0.06996
10,EP,0.10524,0.16501,0.26282,0.064392
10,EP,0.070466,0.13494,0.30077,0.06685
10,TS,0.060223,0.087973,0.25195,0.053312
10,TS,0.064284,0.081717,0.22867,0.086607
10,TS,0.044887,0.11476,0.19596,0.091967
10,TS,0.11889,0.099707,0.24072,0.059032
10,TS,0.066337,0.091022,0.26071,0.061572
10,TS,0.069966,0.05858,0.19963,0.0733
10,TS,0.026917,0.069713,0.24588,0.035339
10,TS,0.015111,0.12353,0.25941,0.070427
10,TS,0.03672,0.073465,0.27049,0.019557
10,TS,0.011328,0.13154,0.2934,0.066792
10,JS,0.029647,0.15988,0.30905,0.061391
10,JS,0.064838,0.13989,0.28306,0.10817
10,JS,0.043456,0.08146,0.29464,0.060882
10,JS,0.05309,0.088728,0.27774,0.086076
10,JS,0.03785,0.090059,0.28383,0.10103
10,JS,0.051601,0.05682,0.29179,0.059946
10,JS,0.030606,0.088455,0.29405,0.10738
10,JS,0.037666,0.097934,0.27253,0.079961
10,JS,0.039825,0.13784,0.26416,0.071319
10,JS,0.050979,0.074921,0.28422,0.09732
11,AB,0.010423,0.061682,0.21964,0.037514
11,AB,0.021576,0.039683,0.23066,0.072335
11,AB,0.023943,0.078349,0.23034,0.031102
11,AB,0.013022,0.035441,0.24728,0.036922
11,AB,0.0076398,0.077117,0.29388,0.046832
11,AB,0.01308,0.030462,0.24926,0.038786
11,AB,0.032488,0.037515,0.26107,0.03159
11,AB,0.026384,0.013307,0.21384,0.05123
11,AB,0.0073537,0.032177,0.23658,0.038919
11,AB,0.010341,0.048315,0.24552,0.0214
11,EP,0.084177,0.07342,0.31201,0.059332
11,EP,0.052235,0.10106,0.22621,0.077393
11,EP,0.056165,0.031968,0.2054,0.055083
11,EP,0.13336,0.047703,0.33259,0.057776
11,EP,0.046181,0.099293,0.28942,0.096502
11,EP,0.099142,0.13555,0.25941,0.090369
11,EP,0.060672,0.0916,0.37856,0.12954
11,EP,0.077987,0.084224,0.32273,0.029243
11,EP,0.07244,0.050296,0.28336,0.057162
11,EP,0.050127,0.035441,0.34917,0.033339
11,TS,0.068061,0.092336,0.24406,0.11456
11,TS,0.036765,0.056572,0.2311,0.13001
11,TS,0.056583,0.091825,0.21362,0.15295
11,TS,0.0084495,0.015142,0.23332,0.12342
11,TS,0.0476,0.020236,0.20587,0.085043
11,TS,0.035937,0.028205,0.25884,0.086751
11,TS,0.015154,0.0026058,0.23353,0.12762
11,TS,0.066724,0.012612,0.15534,0.073713
11,TS,0.01555,0.024871,0.2669,0.086557
11,TS,0.052708,0.057164,0.25783,0.12281
11,JS,0.062098,0.032042,0.23709,0.054975
11,JS,0.025831,0.025919,0.19176,0.16891
11,JS,0.017837,0.047123,0.19254,0.15409
11,JS,0.028606,0.023961,0.25815,0.13346
11,JS,0.090178,0.024374,0.22922,0.060718
11,JS,0.075942,0.064231,0.24377,0.066006
11,JS,0.081665,0.026179,0.22101,0.045906
11,JS,0.039251,0.015706,0.24361,0.054828
11,JS,0.056746,0.042345,0.25969,0.10455
11,JS,0.036022,0.05739,0.26396,0.15423
12,AB,0.0045163,0.048815,0.31593,0.058786
12,AB,0.012682,0.023177,0.3537,0.034492
12,AB,0.0046751,0.04466,0.31873,0.035649
12,AB,0.0054228,0.025971,0.33298,0.053259
12,AB,0.013745,0.058174,0.31556,0.039893
12,AB,0.0080092,0.013755,0.31922,0.034918
12,AB,0.013608,0.070824,0.31554,0.043141
12,AB,0.0079634,0.024395,0.33209,0.034454
12,AB,0.011104,0.052875,0.33097,0.049428
12,AB,0.0068088,0.025781,0.30582,0.038687
12,EP,0.035543,0.19336,0.38165,0.044353
12,EP,0.018531,0.09973,0.4287,0.033244
12,EP,0.040155,0.19109,0.41832,0.059229
12,EP,0.036699,0.21591,0.42272,0.031586
12,EP,0.023761,0.19495,0.3996,0.02135
12,EP,0.022183,0.18539,0.38621,0.041668
12,EP,0.042913,0.21689,0.45963,0.048729
12,EP,0.038336,0.1862,0.39473,0.085614
12,EP,0.034407,0.22495,0.3879,0.048954
12,EP,0.024589,0.20496,0.42842,0.057017
12,TS,0.092626,0.10307,0.43253,0.074168
12,TS,0.064192,0.094792,0.42498,0.074928
12,TS,0.05675,0.095895,0.42863,0.086083
12,TS,0.043718,0.10672,0.31705,0.028511
12,TS,0.046035,0.059831,0.43842,0.059526
12,TS,0.097763,0.097483,0.3725,0.049902
12,TS,0.052608,0.10103,0.39177,0.059338
12,TS,0.07427,0.12984,0.36459,0.047063
12,TS,0.050915,0.091833,0.39827,0.10243
12,TS,0.043694,0.10883,0.36867,0.040958
12,JS,0.028159,0.043291,0.4118,0.046452
12,JS,0.010638,0.07689,0.40182,0.031177
12,JS,0.020114,0.081005,0.41008,0.039588
12,JS,0.021986,0.058822,0.4622,0.072324
12,JS,0.029768,0.081864,0.40892,0.053753
12,JS,0.019118,0.10952,0.43087,0.035455
12,JS,0.022087,0.14187,0.39741,0.046845
12,JS,0.025045,0.064028,0.4081,0.04784
12,JS,0.029438,0.081939,0.41382,0.047314
12,JS,0.013853,0.057318,0.408,0.038401
13,AB,0.014176,0.061468,0.27419,0.024198
13,AB,0.011845,0.082228,0.27109,0.036234
13,AB,0.014338,0.049302,0.3028,0.026483
13,AB,0.010893,0.068059,0.2932,0.0076908
13,AB,0.02355,0.054832,0.30136,0.027497
13,AB,0.0096416,0.063236,0.27851,0.0097594
13,AB,0.019098,0.068351,0.30983,0.020324
13,AB,0.022538,0.048266,0.27653,0.024345
13,AB,0.01456,0.059117,0.29744,0.017915
13,AB,0.005699,0.057916,0.27628,0.0077714
13,EP,0.042029,0.11907,0.30224,0.087776
13,EP,0.020902,0.10738,0.32935,0.095256
13,EP,0.032405,0.11597,0.32075,0.064787
13,EP,0.015229,0.12458,0.32301,0.083728
13,EP,0.038587,0.097811,0.30048,0.046367
13,EP,0.015683,0.085667,0.31658,0.070293
13,EP,0.022349,0.09111,0.29613,0.074609
13,EP,0.023314,0.10791,0.31812,0.077584
13,EP,0.017904,0.13307,0.31482,0.09609
13,EP,0.01449,0.11736,0.32641,0.074425
13,TS,0.020364,0.039483,0.30466,0.032085
13,TS,0.061217,0.054,0.31482,0.051929
13,TS,0.044881,0.032198,0.30149,0.03626
13,TS,0.071389,0.065454,0.28171,0.045688
13,TS,0.01049,0.085268,0.33633,0.047969
13,TS,0.046431,0.090022,0.31797,0.064848
13,TS,0.033864,0.072449,0.30949,0.026837
13,TS,0.023047,0.06339,0.31104,0.030826
13,TS,0.055064,0.063254,0.29933,0.059038
13,TS,0.035028,0.11719,0.29347,0.027399
13,JS,0.0081187,0.076474,0.31051,0.026457
13,JS,0.054561,0.10445,0.29434,0.031839
13,JS,0.026466,0.052419,0.28086,0.075222
13,JS,0.029291,0.11882,0.30544,0.05065
13,JS,0.028212,0.083916,0.27247,0.027407
13,JS,0.021516,0.093548,0.28615,0.056236
13,JS,0.034022,0.07955,0.29584,0.053988
13,JS,0.048173,0.11169,0.33113,0.06606
13,JS,0.071135,0.094765,0.31778,0.094112
13,JS,0.037128,0.077749,0.33789,0.058737
14,AB,0.0086853,0.053772,0.28245,0.029327
14,AB,0.0060414,0.062682,0.27306,0.035711
14,AB,0.0080847,0.041924,0.30156,0.062727
14,AB,0.018638,0.052573,0.274,0.045023
14,AB,0.010084,0.03473,0.27199,0.068616
14,AB,0.0076653,0.048722,0.31195,0.015338
14,AB,0.006859,0.027589,0.2746,0.041966
14,AB,0.0070058,0.039221,0.29947,0.046879
14,AB,0.0063134,0.02691,0.2589,0.035087
14,AB,0.006161,0.035809,0.29041,0.035015
14,EP,0.026475,0.083679,0.25828,0.032845
14,EP,0.024388,0.085419,0.27543,0.059516
14,EP,0.021625,0.10519,0.25777,0.038272
14,EP,0.034509,0.11437,0.25364,0.024783
14,EP,0.050641,0.088203,0.24172,0.035318
14,EP,0.025553,0.046742,0.23997,0.014784
14,EP,0.032026,0.052784,0.22769,0.019756
14,EP,0.028116,0.077145,0.28118,0.026489
14,EP,0.021183,0.077877,0.23004,0.036421
14,EP,0.020468,0.14285,0.2307,0.051099
14,TS,0.0234,0.13343,0.27139,0.038554
14,TS,0.023568,0.15745,0.29079,0.096015
14,TS,0.016522,0.12182,0.30376,0.05357
14,TS,0.022854,0.1077,0.31862,0.071442
14,TS,0.0259,0.050303,0.30191,0.039316
14,TS,0.024633,0.12292,0.30128,0.061738
14,TS,0.014642,0.10175,0.29313,0.053276
14,TS,0.022892,0.13018,0.31182,0.060521
14,TS,0.040006,0.12638,0.29194,0.039274
14,TS,0.049631,0.1299,0.30905,0.057989
14,JS,0.014527,0.13505,0.24758,0.048176
14,JS,0.021498,0.11821,0.26353,0.038959
14,JS,0.021938,0.10081,0.28087,0.076285
14,JS,0.016325,0.1043,0.28011,0.053988
14,JS,0.010672,0.11376,0.27454,0.059602
14,JS,0.0041314,0.14341,0.25168,0.037705
14,JS,0.015052,0.11812,0.27821,0.053707
14,JS,0.034697,0.13842,0.28664,0.02879
14,JS,0.018298,0.12086,0.25978,0.028642
14,JS,0.007693,0.11442,0.2823,0.050772
15,AB,0.01105,0.014337,0.27707,0.046045
15,AB,0.016497,0.028155,0.28272,0.064988
15,AB,0.0069036,0.035813,0.2806,0.081901
15,AB,0.016901,0.0059819,0.27343,0.10184
15,AB,0.026012,0.057792,0.25604,0.097807
15,AB,0.019458,0.04496,0.2748,0.065274
15,AB,0.012895,0.047041,0.29785,0.052093
15,AB,0.02152,0.0411,0.27436,0.091044
15,AB,0.0084343,0.017779,0.2789,0.047884
15,AB,0.025053,0.01652,0.26595,0.041164
15,EP,0.071224,0.14257,0.2769,0.06927
15,EP,0.018797,0.014805,0.25786,0.060146
15,EP,0.10021,0.074313,0.25407,0.049056
15,EP,0.014558,0.025804,0.26911,0.12167
15,EP,0.097061,0.020525,0.26073,0.073737
15,EP,0.021877,0.014379,0.24803,0.079998
15,EP,0.016343,0.021423,0.29859,0.062332
15,EP,0.023868,0.029512,0.25042,0.094611
15,EP,0.0051282,0.033497,0.28157,0.075762
15,EP,0.0085343,0.042845,0.2591,0.14204
15,TS,0.13327,0.038173,0.22949,0.11702
15,TS,0.081913,0.061781,0.2391,0.12218
15,TS,0.1869,0.028514,0.2053,0.089304
15,TS,0.072757,0.031136,0.31525,0.09943
15,TS,0.025092,0.070849,0.27318,0.19688
15,TS,0.026081,0.01553,0.21122,0.14079
15,TS,0.0060285,0.040363,0.24206,0.18441
15,TS,0.019782,0.073826,0.24026,0.15517
15,TS,0.035643,0.052821,0.24958,0.12621
15,TS,0.026338,0.047797,0.28146,0.078852
15,JS,0.045266,0.022184,0.23877,0.061639
15,JS,0.016583,0.0244,0.2256,0.06158
15,JS,0.0084389,0.02959,0.26714,0.078706
15,JS,0.065434,0.028502,0.2684,0.060957
15,JS,0.089319,0.093264,0.27812,0.096941
15,JS,0.15763,0.060554,0.29722,0.045228
15,JS,0.062346,0.12931,0.27932,0.074631
15,JS,0.042024,0.067833,0.28154,0.11745
15,JS,0.040107,0.026003,0.26239,0.040528
15,JS,0.041254,0.062815,0.30168,0.096445
