loc,t,aDotUA,bDotUA,gDotUA,aUA,bUA,gUA,xUA,yUA,zUA,qE,qDotE,emgA,emgB,aDotSH,bDotSH,gDotSH,aSH,bSH,gSH,xSH,ySH,zSH,aDotUB,bDotUB,gDotUB,aUB,bUB,gUB,xUB,yUB,zUB,xHand,yHand,zHand,aHand,bHand,gHand,enable
0,0,0.4697127,-0.8504031,0.03005503,-1.317221,-4.116196,2.754838,0.6192602,1.109207,0.4874637,-2.021192,-0.0004073674,17.1,16.4,-0.3540165,0.7419735,-0.4490217,-0.6753436,-3.918415,-0.1691829,0.6149145,1.324915,0.3935783,-0.09821147,0.7295874,0.6142966,-0.7556049,0.450157,-0.1501522,0.7146974,1.403486,0.272157,0.4657504,1.026505,0.2948915,292.0719,212.0401,12.09125,True
0,0.01111111,0.4547991,-0.85378,0.007700972,-1.320181,-4.106692,2.747828,0.6177115,1.108037,0.4872253,-2.021172,0.001987937,17.1,16.4,-0.3648431,0.7068658,-0.4470768,-0.6813713,-3.908844,-0.1720778,0.6125282,1.323589,0.3932958,-0.09411168,0.7252801,0.6004133,-0.7507398,0.4628766,-0.158547,0.7128189,1.40319,0.2728333,0.4659107,1.023886,0.2941037,292.5203,212.4778,11.24372,True
0,0.02222222,0.4377801,-0.8635511,-0.01246694,-1.323374,-4.096888,2.741002,0.6160123,1.106957,0.486932,-2.020795,0.03451045,17.1,16.4,-0.3681597,0.6887993,-0.4503927,-0.6875632,-3.899344,-0.1752568,0.6103124,1.322327,0.3930616,-0.09421992,0.7273846,0.5919039,-0.7456728,0.4762227,-0.1671434,0.7108833,1.402929,0.2732811,0.4661166,1.021135,0.2932965,292.945,213.1042,10.26568,True
0,0.03333334,0.4271486,-0.8732636,-0.0283822,-1.326573,-4.087077,2.734188,0.614431,1.105828,0.4866419,-2.020923,-0.01192718,17.1,16.4,-0.3671377,0.6898951,-0.4535923,-0.6941119,-3.888512,-0.1794164,0.607982,1.321089,0.3928685,-0.09211719,0.7199314,0.590837,-0.7405175,0.4893905,-0.1758951,0.7090414,1.402706,0.2739854,0.4663898,1.018332,0.2924035,293.3651,213.6712,9.358244,True
0,0.04444445,0.4090538,-0.8851521,-0.04640421,-1.329681,-4.076932,2.727911,0.6127863,1.104792,0.4862845,-2.020856,0.006435119,17.1,16.4,-0.3585681,0.6994407,-0.4535938,-0.7005547,-3.877569,-0.1841283,0.605984,1.319847,0.3925467,-0.09869063,0.6964831,0.5824516,-0.7355725,0.5011359,-0.1831152,0.7074511,1.402319,0.2744749,0.4667996,1.015531,0.291363,293.7775,214.067,8.582865,True
0,0.05555556,0.3803087,-0.8981669,-0.06761958,-1.332633,-4.066387,2.722107,0.6111889,1.10381,0.4859099,-2.020996,-0.01280886,13.2,16.4,-0.3583699,0.7056745,-0.4332923,-0.7061148,-3.866173,-0.1886301,0.6041152,1.318715,0.3921411,-0.09463221,0.6793949,0.5696733,-0.7309834,0.5131546,-0.1910043,0.7057769,1.402054,0.2749538,0.4673385,1.012795,0.2901202,294.187,214.393,7.788407,True
0,0.06666667,0.3451713,-0.909103,-0.09736589,-1.335013,-4.055699,2.716866,0.6096741,1.102858,0.4855378,-2.020569,0.03926121,13.2,16.4,-0.3527173,0.7139208,-0.4034464,-0.7111178,-3.854764,-0.1935599,0.6024615,1.317703,0.3917828,-0.08217782,0.6420226,0.5483249,-0.7268661,0.5233957,-0.1981528,0.7044023,1.401814,0.2753181,0.4680475,1.010175,0.2887065,294.5658,214.6369,7.003368,True
0,0.07777778,0.3100369,-0.9210895,-0.1228252,-1.337723,-4.044774,2.711929,0.6081276,1.101957,0.4852149,-2.020158,0.03736936,13.2,16.4,-0.3376509,0.7029973,-0.3802515,-0.716189,-3.844573,-0.1977908,0.6008836,1.31662,0.3914733,-0.06875837,0.5982427,0.5195291,-0.7230701,0.532898,-0.2049374,0.7031319,1.401724,0.2757707,0.4688913,1.007715,0.2871202,294.9282,214.7748,6.26379,True
0,0.08888889,0.2791547,-0.9287732,-0.1451355,-1.340051,-4.033703,2.707224,0.6066283,1.101121,0.4848323,-2.019776,0.03478038,13.2,16.4,-0.3215345,0.6814001,-0.3550168,-0.7207047,-3.835135,-0.2018103,0.5994197,1.315718,0.3911269,-0.06728017,0.5299398,0.4760088,-0.7198802,0.539681,-0.2093255,0.7019356,1.401447,0.2760246,0.4698795,1.005461,0.2854033,295.2544,214.7658,5.621743,True
0,0.1,0.232296,-0.937639,-0.1759365,-1.342157,-4.022134,2.703423,0.6051542,1.100493,0.4844739,-2.019673,0.009381472,12,16.9,-0.2894241,0.6393769,-0.3162541,-0.7242382,-3.827125,-0.2055074,0.5982283,1.315046,0.3909347,-0.0580883,0.4882905,0.4493821,-0.7165784,0.5472005,-0.2146678,0.7007067,1.40116,0.2763772,0.4709996,1.00344,0.2836113,295.5314,214.6105,5.071394,True
0,0.1111111,0.1801252,-0.9518421,-0.2088579,-1.343709,-4.0103,2.700355,0.6038506,1.099946,0.483973,-2.019709,-0.003147562,12,16.9,-0.2617215,0.5932308,-0.2924011,-0.7276171,-3.820576,-0.2084925,0.5972056,1.314411,0.3906343,-0.03528047,0.4199548,0.4077595,-0.7139498,0.5521057,-0.2187909,0.6998757,1.400956,0.2763405,0.4722016,1.001663,0.2817861,295.7523,214.4198,4.526618,True
0,0.1222222,0.1801252,-0.9518421,-0.2088579,-1.343709,-4.0103,2.700355,0.6038506,1.099946,0.483973,-2.01903,0.06229467,12,16.9,-0.2617215,0.5932308,-0.2924011,-0.7276171,-3.820576,-0.2084925,0.5972056,1.314411,0.3906343,-0.03528047,0.4199548,0.4077595,-0.7139498,0.5521057,-0.2187909,0.6998757,1.400956,0.2763405,0.4734518,1.000119,0.2799607,295.9371,214.1684,4.052405,True
0,0.1333333,0.06605932,-0.9376885,-0.2759733,-1.345638,-3.987752,2.696568,0.6012853,1.0994,0.483165,-2.01816,0.07932362,12,16.9,-0.1767052,0.4143676,-0.2264937,-0.7313471,-3.815377,-0.2112422,0.5960292,1.313613,0.3901994,-0.00559026,0.2833278,0.3310708,-0.7094395,0.5576972,-0.2235487,0.6985462,1.400733,0.2760878,0.4747606,0.998873,0.2782858,296.1864,213.8426,3.59485,True
0,0.1444445,0.005206227,-0.8996702,-0.3006669,-1.345679,-3.977779,2.696139,0.6003383,1.099296,0.4828041,-2.018533,-0.03445246,12,16.9,-0.1310058,0.3457613,-0.2030026,-0.7330021,-3.813854,-0.2125314,0.5957765,1.313406,0.3900208,0.004569739,0.2182353,0.3023666,-0.706991,0.5589814,-0.2248044,0.6981337,1.400713,0.2758567,0.4758567,0.9980738,0.2769374,296.3575,213.5796,3.364071,True
0,0.1555556,-0.03329098,-0.8572601,-0.3126073,-1.345939,-3.968388,2.695535,0.5993124,1.099007,0.4824364,-2.018115,0.03887312,10.9,16.7,-0.09150982,0.2995094,-0.172839,-0.7340758,-3.811108,-0.2150652,0.5955379,1.313323,0.3898511,0.005269527,0.1745028,0.2790305,-0.7047986,0.560849,-0.2263,0.6976744,1.400729,0.2758148,0.4769109,0.997434,0.2751888,296.343,213.1239,3.394689,True
0,0.1666667,-0.0932317,-0.7680489,-0.3280145,-1.344551,-3.961378,2.696965,0.598649,1.09911,0.4822216,-2.01765,0.04255298,10.9,16.7,-0.05722177,0.2638564,-0.1340476,-0.7346447,-3.808655,-0.217396,0.5956223,1.313316,0.3896952,0.01316611,0.1136527,0.236486,-0.703433,0.5600831,-0.2260946,0.6974628,1.400739,0.2755704,0.4781528,0.9970001,0.2732882,296.3783,212.5189,3.293493,True
0,0.1777778,-0.1532669,-0.6425461,-0.3287193,-1.342765,-3.956522,2.699182,0.5979927,1.099116,0.4819787,-2.018412,-0.0696144,10.9,16.7,-0.01957107,0.2366035,-0.08136497,-0.7343491,-3.805434,-0.2206112,0.5957868,1.313386,0.3894484,0.01899277,0.05388927,0.2003528,-0.7019587,0.5586598,-0.2252185,0.697458,1.400696,0.2753224,0.479481,0.9968283,0.2714248,296.3951,211.841,3.220874,True
0,0.1888889,-0.1897595,-0.5531311,-0.3217686,-1.341079,-3.952208,2.70148,0.5974603,1.099285,0.4818635,-2.017494,0.0849676,10.9,16.7,0.004090294,0.2245193,-0.05186187,-0.734389,-3.802328,-0.2237591,0.596007,1.313489,0.3893249,0.02561036,-0.01339604,0.1386566,-0.7019176,0.5549553,-0.2228938,0.6976907,1.400758,0.2750127,0.4807644,0.9968936,0.269688,296.3365,211.1278,3.210967,True
0,0.2,-0.2488267,-0.3934622,-0.312016,-1.338005,-3.951572,2.705754,0.5971173,1.099579,0.4818933,-2.017598,-0.009926891,8.8,15.8,0.03954586,0.1898283,-0.001354866,-0.733034,-3.800296,-0.2266182,0.5966676,1.313865,0.3892314,0.02928388,-0.06358514,0.09612425,-0.7016886,0.5514705,-0.2206911,0.6978686,1.400902,0.2749147,0.4818621,0.9972105,0.2681915,296.281,210.305,3.366576,True
0,0.2111111,-0.3078755,-0.2433444,-0.2968864,-1.334556,-3.952316,2.711224,0.5970332,1.100061,0.4819388,-2.018185,-0.05312057,8.8,15.8,0.06845495,0.143536,0.03953465,-0.7313344,-3.799353,-0.2286784,0.5975804,1.31424,0.389195,0.03713067,-0.1340294,0.05040275,-0.7018479,0.5451245,-0.2165302,0.698326,1.401003,0.2745607,0.4825459,0.9977856,0.266963,296.1762,209.5184,3.616775,True
0,0.2222222,-0.371187,-0.09118484,-0.292416,-1.330356,-3.95439,2.717644,0.597121,1.100723,0.4821031,-2.017617,0.05266298,8.8,15.8,0.1175826,0.08220059,0.08329368,-0.7287996,-3.800128,-0.2310114,0.5986217,1.314716,0.3892965,0.04293855,-0.1895464,0.00998864,-0.7020993,0.538911,-0.2123799,0.6989062,1.401203,0.2742023,0.4828061,0.9986318,0.2661168,296.027,208.8141,3.949506,True
0,0.2333333,-0.4162281,0.005652398,-0.2865694,-1.326369,-3.956022,2.724116,0.5972149,1.101331,0.4822285,-2.01721,0.03724207,8.8,15.8,0.1591188,0.03920781,0.1038403,-0.726897,-3.800884,-0.2335446,0.5995983,1.315162,0.3893716,0.03947015,-0.2108936,-0.01016346,-0.7022612,0.5339462,-0.208909,0.6994005,1.401339,0.273828,0.4825227,0.9997635,0.2657107,295.8622,208.1284,4.461143,True
0,0.2444444,-0.5073985,0.2077787,-0.2855842,-1.319991,-3.962856,2.734199,0.5977572,1.102265,0.4825635,-2.017122,0.008137007,8.8,15.8,0.2293172,-0.0434334,0.1355008,-0.7236176,-3.8046,-0.2353928,0.6010574,1.315713,0.3895895,0.05284443,-0.2727883,-0.03891938,-0.7024849,0.5260704,-0.2038104,0.7003838,1.401511,0.2732658,0.4817272,1.001244,0.2657775,295.6842,207.5284,5.157542,True
0,0.2555556,-0.5535032,0.3056551,-0.2818832,-1.314723,-3.96739,2.742726,0.5981743,1.102998,0.4828005,-2.017557,-0.03936275,5,15.9,0.2878319,-0.1399484,0.1767429,-0.7192772,-3.810131,-0.2361286,0.6026194,1.316341,0.389782,0.06216374,-0.3069468,-0.05598171,-0.7026879,0.5189986,-0.1994998,0.7011064,1.401664,0.27267,0.4805241,1.003114,0.2662686,295.4496,206.9693,6.058532,True
0,0.2666667,-0.6168556,0.4685122,-0.2700247,-1.308365,-3.976162,2.753862,0.5989036,1.103954,0.4833579,-2.015895,0.1526448,5,15.9,0.3334664,-0.222402,0.2001126,-0.7151206,-3.816796,-0.2363651,0.6042219,1.317073,0.3900454,0.07670084,-0.3549815,-0.07945783,-0.70322,0.5099348,-0.1939402,0.7021013,1.401841,0.2721097,0.4790543,1.005343,0.2670506,295.1308,206.3566,7.143551,True
0,0.2777778,-0.6920083,0.6601555,-0.248759,-1.301601,-3.987853,2.766694,0.5998757,1.105114,0.4838362,-2.017384,-0.1368871,5,15.9,0.3706429,-0.2984538,0.2278807,-0.7105729,-3.823628,-0.2361662,0.6059204,1.317926,0.3903303,0.1006931,-0.3817788,-0.1201379,-0.7048753,0.5015724,-0.1893761,0.7032866,1.402079,0.2716832,0.4773016,1.00796,0.2680504,294.7852,205.5894,8.467619,True
0,0.2888889,-0.7496939,0.7177343,-0.2096545,-1.297002,-3.997118,2.779303,0.6005968,1.106172,0.4844062,-2.016712,0.06315574,5,15.9,0.3834806,-0.3434994,0.2561423,-0.7056738,-3.830211,-0.2358189,0.6074905,1.318697,0.3906085,0.1013913,-0.3999647,-0.1499308,-0.7065723,0.4931618,-0.1841307,0.7043803,1.402252,0.2712288,0.4754407,1.01093,0.269187,294.3223,204.7751,9.895493,True
0,0.3,-0.7999849,0.8032933,-0.1238451,-1.294702,-4.008231,2.792562,0.6016991,1.107528,0.485323,-2.016394,0.02894227,2.8,15.8,0.3962638,-0.3820812,0.2759355,-0.700854,-3.836898,-0.2352858,0.6092993,1.31967,0.3909998,0.09766281,-0.4107257,-0.1967407,-0.7093548,0.4848582,-0.1786779,0.7056892,1.402343,0.2707357,0.4734892,1.014233,0.270472,293.8536,203.8552,11.39816,True
0,0.3111111,-0.8546754,0.9280956,-0.06809574,-1.290852,-4.023149,2.808048,0.6027609,1.108901,0.4861743,-2.01668,-0.02582641,2.8,15.8,0.4082937,-0.3984679,0.3161749,-0.6948411,-3.842496,-0.2359265,0.6112213,1.320872,0.3914371,0.09195283,-0.4310219,-0.2275224,-0.7118422,0.4758621,-0.1726863,0.7070955,1.402585,0.2703562,0.4713729,1.017914,0.2718697,293.3694,202.9485,12.96055,True
0,0.3222222,-0.9360508,1.06658,-0.02626234,-1.2863,-4.040033,2.826082,0.6042352,1.11047,0.4873369,-2.01725,-0.05135553,2.8,15.8,0.4191146,-0.4371848,0.353031,-0.6883802,-3.850008,-0.2352045,0.6131921,1.321967,0.3918037,0.0894444,-0.4619815,-0.2551163,-0.7144383,0.465429,-0.1657107,0.7085931,1.402813,0.2698641,0.4692959,1.021983,0.2733657,292.8048,202.3206,14.29439,True
0,0.3333333,-1.041844,1.180542,0.02425057,-1.283117,-4.057579,2.846171,0.6059108,1.112089,0.4886005,-2.016794,0.04270022,2.8,15.8,0.4276776,-0.4843392,0.3802543,-0.681749,-3.858746,-0.2335539,0.6152307,1.323022,0.3921521,0.08279318,-0.484381,-0.2741704,-0.717127,0.4554517,-0.1589771,0.7101623,1.402994,0.269381,0.4674064,1.026465,0.2749876,292.1816,201.7988,15.48857,True
0,0.3444445,-1.181802,1.309022,0.02887699,-1.278324,-4.076272,2.869155,0.60796,1.113658,0.4900024,-2.01546,0.1217721,2.8,15.8,0.4394335,-0.5069007,0.3959275,-0.675571,-3.866579,-0.2326266,0.6174712,1.324005,0.392499,0.08453178,-0.5121658,-0.3039522,-0.7202972,0.444391,-0.1516196,0.7118774,1.403167,0.2688997,0.4654603,1.031348,0.2766881,291.5319,200.7773,17.12467,True
0,0.3555556,-1.217183,1.375886,0.008244634,-1.273439,-4.092927,2.888265,0.6100881,1.11525,0.4913046,-2.014312,0.1044456,2.1,14.8,0.4609505,-0.5189636,0.4243871,-0.6687315,-3.873957,-0.2325712,0.6196843,1.325088,0.3927875,0.08853209,-0.5335363,-0.3231171,-0.723346,0.4335228,-0.1446054,0.7135692,1.403311,0.2682996,0.4634661,1.036701,0.2786781,290.8683,199.4584,19.08075,True
0,0.3666667,-1.272218,1.594929,-0.03244454,-1.265984,-4.117144,2.911724,0.61184,1.116724,0.4921637,-2.012681,0.1492106,2.1,14.8,0.4845235,-0.5202691,0.4390652,-0.6621715,-3.881084,-0.2331211,0.6219344,1.326121,0.3931804,0.09668481,-0.5613239,-0.3508361,-0.727117,0.4217386,-0.1371264,0.7153444,1.403442,0.2677684,0.461449,1.042604,0.2810271,290.1151,198.0475,21.27199,True
0,0.3777778,-1.117016,1.358889,-0.03324428,-1.264414,-4.124505,2.921134,0.6134735,1.118202,0.4930043,-2.016837,-0.3806687,2.1,14.8,0.5070344,-0.5279943,0.4579611,-0.6552676,-3.888577,-0.2334128,0.6243616,1.327217,0.3936074,0.1089556,-0.5934072,-0.3913699,-0.7316902,0.4094259,-0.1296294,0.7171255,1.403593,0.2674408,0.4595125,1.049085,0.2837256,289.3039,196.198,24.09441,True
0,0.3888889,-0.9730933,1.326372,-0.02353421,-1.261457,-4.138595,2.931532,0.6148977,1.119722,0.4938898,-2.016117,0.06972367,2.1,14.8,0.5316254,-0.5795506,0.4935047,-0.6470331,-3.899162,-0.2316772,0.6268914,1.328333,0.3941286,0.1213419,-0.6233433,-0.4212625,-0.7363097,0.396568,-0.1218388,0.7190275,1.403713,0.2668853,0.4576648,1.056001,0.2866141,288.4075,193.4734,27.82793,True
0,0.4,-1.182718,1.220398,-0.1783369,-1.252928,-4.147309,2.953751,0.6185932,1.122097,0.4957705,-2.025475,-0.8561256,2.1,14.8,0.5506837,-0.6373133,0.510941,-0.639009,-3.91112,-0.2287618,0.6295388,1.329409,0.3946044,0.1371174,-0.6436628,-0.4352319,-0.7405964,0.3840473,-0.1146126,0.7209063,1.403895,0.266326,0.4555336,1.06318,0.2894866,287.4856,190.3942,32.0419,True
0,0.4111111,-1.804605,1.502517,-0.06249648,-1.2522,-4.175714,3.00515,0.6209567,1.124101,0.4970284,-2.027434,-0.1716954,3.2,13.4,0.5598301,-0.7204233,0.5069511,-0.6313258,-3.926719,-0.2227526,0.6323329,1.330513,0.3951097,0.1602076,-0.677866,-0.4599052,-0.7455977,0.3705452,-0.1073605,0.7228275,1.404006,0.2657864,0.4541666,1.070069,0.2923807,286.3585,187.6024,36.02936,True
0,0.4222222,-1.875058,1.539506,-0.0733102,-1.2493,-4.194971,3.033834,0.623397,1.12608,0.4972038,-2.013964,1.231937,3.2,13.4,0.5393037,-0.7564454,0.4961941,-0.6242908,-3.940477,-0.2168215,0.6351736,1.331798,0.3955472,0.1706174,-0.7141516,-0.4737882,-0.7504469,0.3560252,-0.09891566,0.7249659,1.40413,0.2652993,0.4537846,1.076052,0.2952969,285.5305,184.2861,40.32348,True
0,0.4333333,-1.771471,1.45649,-0.1166135,-1.244774,-4.207764,3.053581,0.6244496,1.128158,0.4982524,-1.990695,2.116792,3.2,13.4,0.5048309,-0.8436719,0.5011088,-0.6162091,-3.959299,-0.2058245,0.6381281,1.333042,0.3960567,0.1913458,-0.7601119,-0.5165184,-0.7567777,0.3405416,-0.09048835,0.7270217,1.40428,0.2648149,0.4544403,1.081274,0.2981369,285.4913,181.34,43.76805,True
0,0.4444444,-1.721256,1.411962,-0.10678,-1.242968,-4.22261,3.075852,0.6259822,1.130048,0.4991541,-2.010705,-1.843094,3.2,13.4,0.5164688,-0.914269,0.5281014,-0.6069083,-3.978493,-0.1963573,0.6411855,1.334218,0.3964572,0.2056229,-0.7805241,-0.5709554,-0.7642804,0.325793,-0.08267171,0.7290522,1.404321,0.2643127,0.4536898,1.087529,0.2997708,285.6973,180.5573,44.92782,True
0,0.4555556,-1.615442,1.311408,-0.05398375,-1.243997,-4.234191,3.093386,0.6270757,1.132354,0.4999254,-2.021819,-0.997616,5,11.6,0.5357807,-0.9273127,0.549114,-0.5983516,-3.994046,-0.1900988,0.6440425,1.335244,0.3967662,0.2093245,-0.7827953,-0.6231833,-0.7720237,0.3124389,-0.07552538,0.7311503,1.40431,0.2637765,0.4526374,1.095508,0.3007821,285.5138,177.9082,48.28562,True
0,0.4666667,-1.58524,1.175902,-0.1021953,-1.24102,-4.242793,3.11289,0.6286482,1.13418,0.5000241,-2.021373,0.04764214,5,11.6,0.5335671,-0.937928,0.545849,-0.5905805,-4.010853,-0.1819959,0.646884,1.336279,0.3971388,0.2251049,-0.7754295,-0.6436126,-0.7792073,0.2998613,-0.06957881,0.7330612,1.404292,0.2633305,0.4521925,1.10449,0.3017856,285.0208,171.9545,54.68015,True
0,0.4777778,-1.699508,1.265383,-0.03976005,-1.242361,-4.261501,-3.140856,0.6308471,1.135876,0.5011778,-2.02488,-0.3215592,5,11.6,0.5075281,-1.002648,0.5284966,-0.5831093,-4.033361,-0.1681491,0.649852,1.33731,0.3975132,0.2335284,-0.7669525,-0.6554344,-0.7861486,0.2875288,-0.06380828,0.734997,1.404369,0.2628145,0.452426,1.113824,0.3030489,284.4035,164.5368,62.36766,True
0,0.4888889,-1.759005,1.212934,-0.05007458,-1.241845,-4.274159,-3.114858,0.6317344,1.13705,0.500962,-2.022221,0.2459466,5,11.6,0.4715489,-1.101247,0.492848,-0.5765499,-4.060546,-0.1494225,0.6524625,1.338311,0.3978631,0.2323651,-0.7605841,-0.6660911,-0.7934095,0.2753591,-0.0578143,0.7368519,1.404318,0.2622979,0.4531585,1.122948,0.3045063,283.8622,156.4548,70.89173,True
0,0.5,-1.603645,1.261267,-0.06424427,-1.240918,-4.290091,-3.09763,0.6333815,1.138034,0.5010731,-2.015297,0.6303263,5,11.6,0.4306498,-1.101748,0.4495466,-0.571411,-4.081618,-0.1352508,0.655068,1.339309,0.3981977,0.2269104,-0.7712435,-0.6756023,-0.8007396,0.2623451,-0.05103229,0.7388029,1.404335,0.2616208,0.454343,1.131272,0.305968,283.8583,148.645,79.16589,True
0,0.5111111,-1.503981,1.419425,-0.03535438,-1.242511,-4.312492,-3.077095,0.6342812,1.138749,0.5011284,-2.016626,-0.1258266,7.1,10,0.4179026,-1.023612,0.4140944,-0.5669673,-4.096458,-0.126999,0.6575748,1.339976,0.3984218,0.2406656,-0.7851371,-0.6821165,-0.8081176,0.2491767,-0.04518319,0.740492,1.404189,0.2609756,0.4553233,1.139028,0.3074161,284.1409,142.4869,85.65528,True
0,0.5222223,-1.46281,1.535802,-0.01155943,-1.244601,-4.334785,-3.054578,0.6356269,1.139309,0.5009115,-2.027051,-0.9514274,7.1,10,0.4169168,-0.9723253,0.3964326,-0.5619675,-4.112506,-0.1181546,0.6601781,1.340775,0.3984942,0.2524202,-0.7904837,-0.6769068,-0.8151611,0.2361443,-0.03936765,0.742313,1.404008,0.2603543,0.4557322,1.146393,0.3085211,284.5535,137.1261,91.53855,True
0,0.5333334,-1.399272,1.664006,0.01538318,-1.247833,-4.35908,-3.03318,0.6365566,1.13926,0.5005376,-2.026707,0.03941826,7.1,10,0.3925471,-0.9145473,0.3811747,-0.557243,-4.127238,-0.1092442,0.6623884,1.341221,0.3984678,0.2697675,-0.7808722,-0.6526228,-0.8213791,0.2243485,-0.03509034,0.7437615,1.403819,0.2596581,0.4559823,1.152979,0.3097696,285.2092,132.248,96.82897,True
0,0.5444446,-1.331353,1.744175,0.02764863,-1.250894,-4.382002,-3.013375,0.6374031,1.138833,0.4995656,-2.023997,0.2464637,7.1,10,0.3485566,-0.9151171,0.3474939,-0.553351,-4.146767,-0.09520801,0.6647071,1.341569,0.3984866,0.2916344,-0.7435441,-0.6092715,-0.8264551,0.214342,-0.03230095,0.7450935,1.40359,0.2589197,0.455397,1.158772,0.3113714,285.897,128.3604,101.1208,True
0,0.5555557,-1.28672,1.78161,0.02848953,-1.25401,-4.403871,-2.993717,0.6381286,1.13867,0.4989209,-2.025029,-0.0968473,7.9,8.9,0.3077428,-0.9328168,0.3210867,-0.5498176,-4.167499,-0.07984663,0.6665899,1.341839,0.3984542,0.2950734,-0.7200674,-0.5934023,-0.8325702,0.2042751,-0.02897999,0.7465712,1.403381,0.2581813,0.453996,1.163846,0.3135649,286.4529,125.7277,104.5121,True
0,0.5666668,-1.188776,1.806448,0.03254932,-1.257481,-4.425397,-2.97727,0.6382322,1.137764,0.4972141,-2.025897,-0.07846279,7.9,8.9,0.2862058,-0.9111099,0.2863202,-0.5471214,-4.185235,-0.06718729,0.668179,1.341943,0.3983963,0.3027621,-0.6742535,-0.5829425,-0.838484,0.1960634,-0.02713015,0.7476519,1.40309,0.2575438,0.4518382,1.168311,0.3163851,286.8919,123.6662,107.7521,True
0,0.577778,-1.129105,1.804569,0.04318398,-1.261582,-4.445579,-2.960523,0.6386378,1.137373,0.4961243,-2.025288,0.0558876,7.9,8.9,0.2732608,-0.8756039,0.2515935,-0.5448534,-4.201345,-0.05613304,0.6700097,1.342174,0.3983452,0.3028912,-0.6401395,-0.577724,-0.8447728,0.188017,-0.02502972,0.7490216,1.402878,0.2568896,0.4492307,1.172161,0.3196723,287.1765,122.1705,110.7614,True
0,0.5888891,-0.9959003,1.795553,0.06983566,-1.266919,-4.465758,-2.947651,0.638416,1.136347,0.4946344,-2.027738,-0.2249821,7.9,8.9,0.2323047,-0.8033056,0.166301,-0.5455161,-4.214113,-0.04658508,0.6711015,1.342132,0.3982081,0.289382,-0.5612383,-0.5660555,-0.8506579,0.1830143,-0.02457858,0.7497855,1.4026,0.2564108,0.4463799,1.175554,0.3231361,287.3592,121.1203,113.4474,True
0,0.6000003,-0.9223491,1.78412,0.07838035,-1.271791,-4.485637,-2.933729,0.6385187,1.135549,0.4932473,-2.026639,0.1021434,7.9,8.9,0.196912,-0.7836597,0.1316521,-0.5447272,-4.229837,-0.03424292,0.6725937,1.342232,0.3981049,0.2821085,-0.5153568,-0.5565358,-0.8567208,0.1776343,-0.02374474,0.7509466,1.40242,0.2558873,0.4434013,1.178547,0.3264062,287.5094,119.9869,116.2288,True
0,0.6111114,-0.8562302,1.763065,0.08592689,-1.27697,-4.504805,-2.920913,0.6384095,1.134578,0.4917865,-2.029562,-0.268821,8.1,7.9,0.1295704,-0.7595742,0.09413226,-0.5446985,-4.244995,-0.02081713,0.673546,1.342108,0.3979092,0.2718945,-0.4534813,-0.5310093,-0.8617494,0.1734446,-0.02378416,0.7516418,1.402131,0.2553718,0.4406012,1.181206,0.329363,287.6053,119.1551,118.48,True
0,0.6222225,-0.8562302,1.763065,0.08592689,-1.27697,-4.504805,-2.920913,0.6384095,1.134578,0.4917865,-2.027885,0.1552696,8.1,7.9,0.1295704,-0.7595742,0.09413226,-0.5446985,-4.244995,-0.02081713,0.673546,1.342108,0.3979092,0.2718945,-0.4534813,-0.5310093,-0.8617494,0.1734446,-0.02378416,0.7516418,1.402131,0.2553718,0.4379969,1.183558,0.3319147,287.7847,118.0367,120.8138,True
0,0.6333337,-0.6525483,1.70634,0.1127929,-1.288149,-4.540462,-2.902325,0.6373597,1.132298,0.4887335,-2.034667,-0.6224523,8.1,7.9,0.06018555,-0.6638916,0.03169441,-0.5456988,-4.268298,-0.0002958772,0.6747547,1.341905,0.397491,0.2641883,-0.3488863,-0.475835,-0.870997,0.1677068,-0.02537487,0.7529568,1.401879,0.2544007,0.4360325,1.185456,0.3341079,287.825,117.3001,122.6133,True
0,0.6444448,-0.5140688,1.721902,0.1477796,-1.295308,-4.559599,-2.895891,0.6366966,1.130966,0.4871266,-2.022334,1.132121,8.1,7.9,0.01592162,-0.5303478,0.01301245,-0.5461084,-4.271084,0.003131611,0.6746408,1.341788,0.3972042,0.2480288,-0.2677932,-0.4161353,-0.8730779,0.1664292,-0.0269195,0.7523218,1.401473,0.2541337,0.4348349,1.186689,0.3356095,288.071,116.3249,124.1923,True
0,0.655556,-0.4353382,1.759606,0.1741431,-1.302944,-4.579963,-2.887711,0.6362874,1.129804,0.4855866,-2.028866,-0.6081358,7.6,7.1,-0.01366961,-0.4662218,0.004251704,-0.54625,-4.277943,0.009820939,0.6750497,1.34175,0.3970156,0.2410145,-0.2219493,-0.3895037,-0.8763323,0.1641045,-0.02811952,0.752537,1.401342,0.2538061,0.4322994,1.188392,0.3366207,288.674,115.7418,125.384,True
0,0.6666671,-0.3098155,1.825221,0.2152467,-1.312025,-4.601371,-2.882931,0.6355232,1.128641,0.4842453,-2.031382,-0.2240153,7.6,7.1,-0.06103456,-0.3937445,0.02769849,-0.5452188,-4.281646,0.01526843,0.67488,1.341653,0.396735,0.2255826,-0.165357,-0.3521873,-0.8789198,0.1641829,-0.03014246,0.7524796,1.401257,0.2535346,0.4295895,1.190055,0.3378118,289.0623,114.88,126.9732,True
0,0.6777782,-0.2215767,1.892854,0.2563457,-1.321833,-4.623353,-2.877658,0.6347705,1.127548,0.4828935,-2.029016,0.2170135,7.6,7.1,-0.089486,-0.3596501,0.04317231,-0.5443501,-4.287779,0.0223354,0.6748468,1.341609,0.3965499,0.2079339,-0.1247777,-0.3211887,-0.881484,0.1633562,-0.03155074,0.7526597,1.40105,0.2533503,0.4268811,1.191365,0.3393607,289.2868,114.0899,128.508,True
0,0.6888894,-0.08637357,1.925358,0.2773959,-1.331384,-4.644957,-2.876324,0.6338693,1.126485,0.481432,-2.031206,-0.2031669,7.6,7.1,-0.1327804,-0.3490777,0.07777136,-0.542373,-4.2946,0.03117496,0.6744083,1.341553,0.3962924,0.1956863,-0.08097142,-0.2817457,-0.8833801,0.1639674,-0.03372521,0.7524189,1.400983,0.2531266,0.4241,1.192376,0.3414298,289.3895,113.7778,129.6209,True
0,0.7000005,-0.02035108,1.933912,0.2464121,-1.338129,-4.665843,-2.87305,0.633043,1.125406,0.480155,-2.029914,0.1194432,7.6,7.1,-0.168903,-0.3767945,0.1002424,-0.5408928,-4.305021,0.04291711,0.6737841,1.341318,0.3961053,0.1907865,-0.05105537,-0.249797,-0.8851234,0.1642067,-0.03597718,0.7522956,1.400975,0.2528551,0.4210658,1.193223,0.3442108,289.4366,113.4684,130.832,True
0,0.7111117,0.063802,1.934197,0.2506201,-1.346854,-4.686859,-2.871583,0.6319485,1.124504,0.4787722,-2.032277,-0.2180499,5.7,6.2,-0.1953449,-0.3864628,0.1249182,-0.5388629,-4.314456,0.05412076,0.6728967,1.341109,0.3959033,0.1829731,-0.001897126,-0.1955,-0.8855149,0.1663518,-0.03916045,0.7517623,1.400937,0.2527182,0.4176602,1.193992,0.3477739,289.3531,113.0886,132.3777,True
0,0.7222228,0.1651466,1.893909,0.2284275,-1.35368,-4.706075,-2.872523,0.6309278,1.123696,0.477787,-2.029184,0.283958,5.7,6.2,-0.2089233,-0.3149502,0.11608,-0.5378819,-4.316997,0.0588215,0.6717364,1.340736,0.3956676,0.1697717,0.04512838,-0.1464682,-0.885737,0.1688062,-0.04221217,0.7512994,1.40091,0.2526388,0.4140217,1.194523,0.3520484,289.2491,112.6261,134.3149,True
0,0.7333339,0.205681,1.877046,0.2380898,-1.361877,1.557826,-2.871982,0.6299316,1.122899,0.476783,-2.029461,-0.02904332,5.7,6.2,-0.2065983,-0.2520109,0.1048757,-0.537151,-4.318383,0.06223701,0.6707206,1.340545,0.3954861,0.1520934,0.07508417,-0.1133257,-0.8859085,0.1712378,-0.04483005,0.7507159,1.400888,0.2525516,0.4102358,1.194721,0.3567898,289.0615,112.4779,136.0907,True
0,0.7444451,0.2263322,1.765428,0.2632352,-1.369763,1.542615,-2.872304,0.628855,1.122268,0.4764113,-2.03046,-0.09115314,5.7,6.2,-0.1966692,-0.1496517,0.08753459,-0.5367771,-4.314959,0.06081861,0.6694928,1.340399,0.3952131,0.113212,0.1136325,-0.07359189,-0.8857237,0.174403,-0.04697656,0.7500222,1.400968,0.2524276,0.4063298,1.194699,0.3617643,288.7143,112.3524,137.8505,True
0,0.7555562,0.2263322,1.765428,0.2632352,-1.369763,1.542615,-2.872304,0.628855,1.122268,0.4764113,-2.028005,0.2244049,5.7,6.2,-0.1966692,-0.1496517,0.08753459,-0.5367771,-4.314959,0.06081861,0.6694928,1.340399,0.3952131,0.113212,0.1136325,-0.07359189,-0.8857237,0.174403,-0.04697656,0.7500222,1.400968,0.2524276,0.4025731,1.194333,0.3667799,288.3021,112.3342,139.4254,True
0,0.7666674,0.2319481,1.680158,0.2541496,-1.376615,1.527347,-2.871889,0.628056,1.121467,0.4757705,-2.023504,0.4091109,5.7,6.2,-0.220186,-0.04355331,0.02687122,-0.5384608,-4.308911,0.05889607,0.668184,1.340375,0.3950429,0.08786298,0.1148037,-0.05415473,-0.8860129,0.1758232,-0.04828977,0.7492034,1.400923,0.2524271,0.3993792,1.193545,0.3715664,287.6272,112.195,141.1093,True
0,0.7777785,0.1397581,1.512476,0.2295946,-1.381368,1.516707,-2.868484,0.6274839,1.120919,0.4754534,-2.026032,-0.234766,3.4,6.6,-0.2371238,0.01206587,0.009398576,-0.5388752,-4.305422,0.05903615,0.6669878,1.340311,0.3948662,0.07311601,0.1084919,-0.03693555,-0.8859309,0.1771412,-0.04945463,0.7483196,1.400934,0.2523961,0.3973132,1.192366,0.3752804,286.8152,112.3827,142.104,True
0,0.7888896,0.0354878,1.474723,0.2053691,-1.38716,1.502064,-2.862355,0.6261653,1.120527,0.4748757,-2.02514,0.08358951,3.4,6.6,-0.2296675,0.0430591,-0.006392602,-0.5393098,-4.302904,0.05904814,0.6655531,1.340258,0.3946807,0.05762148,0.1224823,0.004746478,-0.8846121,0.1795318,-0.05121445,0.7470801,1.401013,0.2524774,0.3953031,1.19163,0.378037,286.4795,112.6289,142.4852,True
0,0.8000008,0.2460636,1.235448,0.16724,-1.38875,1.497306,-2.871925,0.6248034,1.120169,0.4747372,-2.02076,0.3990916,3.4,6.6,-0.1944089,0.1027088,-0.02539835,-0.540088,-4.296607,0.05463928,0.6638962,1.339978,0.3945837,0.04864994,0.149264,0.0559146,-0.8824437,0.1829942,-0.05365737,0.7458524,1.40104,0.252548,0.3933858,1.191289,0.3802478,286.4213,112.6224,142.9704,True
0,0.8111119,0.3574637,1.034136,0.1161516,-1.389395,1.49243,-2.879483,0.6237898,1.119694,0.4745362,-2.018333,0.2185764,3.4,6.6,-0.1742225,0.1283388,-0.04455235,-0.5410841,-4.292408,0.05220541,0.6622999,1.339705,0.3944395,0.04052886,0.165343,0.0889895,-0.8805779,0.1861175,-0.05597033,0.7445943,1.401072,0.252625,0.391494,1.191436,0.3820294,286.4442,112.6242,143.3495,True
0,0.8222231,0.3486854,0.7556776,0.05174407,-1.387714,1.49295,-2.882852,0.622764,1.119388,0.474709,-2.031897,-1.241674,2.3,7.3,-0.1550546,0.1624876,-0.06255189,-0.5421557,-4.286782,0.04844316,0.6606239,1.339387,0.394367,0.04212297,0.1761076,0.1358221,-0.8775489,0.1893796,-0.05858022,0.7432663,1.401128,0.2527165,0.3894171,1.192326,0.3835596,286.5536,112.536,143.8271,True
0,0.8333342,0.2203355,0.5673268,-0.02699859,-1.384885,1.492078,-2.881076,0.6221592,1.119133,0.4748552,-2.030711,0.1187651,2.3,7.3,-0.159447,0.1936597,-0.0920745,-0.5440236,-4.280293,0.04475256,0.6588383,1.339068,0.3942435,0.04254363,0.1836528,0.1730852,-0.874678,0.1924318,-0.06107507,0.7418107,1.401106,0.2529471,0.3880219,1.192918,0.3848014,286.9097,111.7352,144.99,True
0,0.8444453,0.108567,0.5360289,-0.03740869,-1.385691,1.486722,-2.877441,0.6215255,1.118717,0.4749455,-2.024333,0.5803542,2.3,7.3,-0.1647895,0.2161665,-0.1046188,-0.5455827,-4.274037,0.04146488,0.6571088,1.338842,0.394275,0.0364387,0.1879948,0.1987078,-0.8718982,0.1954977,-0.06329428,0.7404779,1.401204,0.2531645,0.3871479,1.192556,0.3857114,287.2624,111.0755,145.9042,True
0,0.8555565,0.3116913,0.2910865,-0.1277052,-1.380974,1.484691,-2.88825,0.6186688,1.118297,0.4755754,-2.018437,0.5338961,2.3,7.3,-0.1343321,0.3117526,-0.0870517,-0.5467417,-4.255733,0.02791312,0.653612,1.338613,0.3942864,0.004592746,0.1976722,0.2075573,-0.8673266,0.201623,-0.06633588,0.7376785,1.40129,0.2535794,0.3863635,1.191284,0.3861277,287.3242,111.1372,145.9317,True
0,0.8666676,0.4656195,0.1124048,-0.1576391,-1.377029,1.488819,-2.89961,0.6174513,1.118156,0.4758821,-2.0157,0.2464611,3.4,7.9,-0.1073929,0.3241894,-0.06163552,-0.5464982,-4.2479,0.02152873,0.6520482,1.338423,0.3942847,-0.006162167,0.1976762,0.1980841,-0.8655732,0.2046525,-0.06785601,0.7362656,1.401334,0.2538288,0.3851693,1.189675,0.3861158,287.2155,112.4505,144.4454,True
0,0.8777788,0.4786268,0.0389187,-0.1604094,-1.375086,1.489781,-2.904928,0.6164521,1.118098,0.4762726,-2.032358,-1.524265,3.4,7.9,-0.07771952,0.2931511,-0.06218396,-0.5471646,-4.244027,0.0182091,0.6505753,1.338027,0.3942897,-0.01459259,0.2041068,0.204546,-0.8633718,0.2081087,-0.06978787,0.7348404,1.401383,0.2540641,0.3830438,1.188513,0.3861542,287.066,114.1075,142.5584,True
0,0.8888899,0.4884374,-0.04443067,-0.2099943,-1.370846,1.491664,-2.910836,0.6155623,1.11798,0.4764714,-2.031477,0.09302629,3.4,7.9,-0.06223114,0.2432276,-0.08833083,-0.5489995,-4.241721,0.01651,0.6490445,1.337697,0.3943825,-0.004801393,0.2126461,0.2214662,-0.8605962,0.2118433,-0.07246168,0.7334124,1.401442,0.2543278,0.3809731,1.18706,0.3862167,286.9282,114.8009,141.793,True
0,0.900001,0.5024628,-0.1052637,-0.2352155,-1.366796,1.493903,-2.917353,0.6145748,1.117742,0.4767897,-2.024747,0.6124272,3.4,7.9,-0.06690313,0.2050999,-0.1120479,-0.5509457,-4.239606,0.01562903,0.6474779,1.337479,0.3944247,-0.000410825,0.2115842,0.2342223,-0.8575054,0.2147951,-0.07448436,0.7318875,1.401528,0.2545943,0.3792392,1.184739,0.3861763,286.5899,115.414,141.0882,True
0,0.9111122,0.5025994,-0.1521914,-0.2445305,-1.363067,1.496562,-2.923466,0.6136198,1.117491,0.4771416,-2.023891,0.07274466,4.4,8.2,-0.06727532,0.1626369,-0.1294554,-0.5529777,-4.238687,0.01566098,0.6459506,1.337221,0.3945162,0.001741946,0.2158424,0.2352542,-0.8550627,0.2184211,-0.07694405,0.7304652,1.40162,0.2548611,0.3775243,1.181902,0.3860832,286.048,116.8046,139.5805,True
0,0.9222233,0.4494889,-0.2035494,-0.2548571,-1.359231,1.499746,-2.927337,0.6128424,1.117394,0.4775701,-2.024132,-0.02235621,4.4,8.2,-0.04901473,0.169904,-0.1178528,-0.5539119,-4.234611,0.01209421,0.6443533,1.336888,0.3945875,0.001683354,0.2211352,0.2278001,-0.8528086,0.2218269,-0.07928444,0.7288616,1.401824,0.2551875,0.3758853,1.178831,0.3859203,285.4962,118.9023,137.404,True
0,0.9333345,0.5221208,-0.2694939,-0.2736838,-1.354686,1.504215,-2.937032,0.6116699,1.117198,0.4781127,-2.023428,0.06445996,4.4,8.2,-0.02856469,0.1899454,-0.106162,-0.5547109,-4.229136,0.007078416,0.6428269,1.336641,0.3946567,0.01019982,0.2189825,0.2277144,-0.8504592,0.2252578,-0.08195372,0.727375,1.401926,0.2554224,0.3743088,1.175753,0.3857017,284.988,121.0911,135.0679,True
0,0.9444456,0.5447192,-0.3417606,-0.255166,-1.351203,1.510046,-2.945169,0.6107811,1.116951,0.4786253,-2.020865,0.2336662,4.4,8.2,-0.004096568,0.2080393,-0.1179589,-0.5562816,-4.223381,0.001551025,0.6413093,1.336478,0.3946528,0.02622521,0.2050968,0.2361199,-0.8473401,0.2276414,-0.08422886,0.7258158,1.401942,0.2556708,0.3728217,1.17284,0.3854484,284.5083,123.1727,132.7938,True
0,0.9555568,0.5522718,-0.3704698,-0.2486137,-1.347756,1.514417,-2.952462,0.6097922,1.116888,0.4789183,-2.026013,-0.4727001,4.4,8.2,0.004233897,0.2006858,-0.1351501,-0.5584025,-4.219858,-0.001797367,0.6397997,1.336138,0.3947735,0.03047192,0.1976336,0.2360922,-0.8449385,0.2306108,-0.0867301,0.7242743,1.402153,0.2560182,0.3714495,1.170308,0.3851398,284.0939,125.2453,130.5338,True
0,0.9666679,0.5715404,-0.4012993,-0.247379,-1.344025,1.519503,-2.960653,0.6089643,1.116678,0.4792259,-2.024477,0.1445657,5.6,8.6,0.02407771,0.1848931,-0.1685034,-0.5613986,-4.216976,-0.005165733,0.6383449,1.335854,0.3948848,0.03686094,0.1890778,0.2371352,-0.8420804,0.2330444,-0.08910165,0.7225789,1.402181,0.2563655,0.370331,1.168025,0.3847635,283.885,126.6782,128.8874,True
0,0.977779,0.5684304,-0.4311478,-0.2503982,-1.340277,1.524618,-2.96793,0.6082862,1.116602,0.4794672,-2.023369,0.09927654,5.6,8.6,0.03966512,0.1573457,-0.1955173,-0.5642759,-4.215451,-0.007364706,0.6369262,1.335575,0.3949728,0.04970995,0.1837189,0.2444809,-0.8391088,0.235616,-0.09180102,0.7211033,1.402343,0.2565455,0.3694561,1.165833,0.3842945,283.6812,127.6744,127.6598,True
0,0.9888902,0.5748382,-0.4375574,-0.2567557,-1.336349,1.529306,-2.975708,0.6075033,1.116385,0.4797041,-2.023774,-0.03787394,5.6,8.6,0.04266524,0.1425264,-0.2084576,-0.5670669,-4.213432,-0.009649698,0.6354443,1.335284,0.3950386,0.0624477,0.1794166,0.2411596,-0.8366736,0.2384581,-0.09483223,0.7194775,1.402429,0.2567432,0.3686131,1.163774,0.3837157,283.519,128.7918,126.3357,True
0,1.000001,0.586593,-0.4514287,-0.2662678,-1.332294,1.534228,-2.983802,0.6067594,1.116134,0.4799163,-2.022718,0.09680537,5.6,8.6,0.03504325,0.1245197,-0.2170627,-0.5697168,-4.21213,-0.01088141,0.6340152,1.334961,0.395036,0.07309717,0.1761632,0.2400238,-0.8337532,0.240852,-0.09783335,0.7178339,1.402553,0.2570255,0.3679164,1.161704,0.383037,283.3852,130.0049,124.904,True
0,1.011112,0.6015607,-0.4673146,-0.2576564,-1.328935,1.539617,-2.992256,0.6060219,1.115948,0.4801199,-2.023039,-0.03028353,8.4,9,0.03097835,0.1436233,-0.2062053,-0.5716187,-4.207964,-0.01459173,0.632529,1.334648,0.3950245,0.08358577,0.1654511,0.2271541,-0.831848,0.2431334,-0.1006648,0.7162627,1.40261,0.2571752,0.3673128,1.159605,0.3822595,283.2531,131.41,123.248,True
0,1.022224,0.6069652,-0.4895981,-0.2458081,-1.325701,1.54547,-3.000544,0.6052212,1.115741,0.4802561,-2.023209,-0.01522987,8.4,9,0.03754479,0.1562832,-0.195509,-0.573483,-4.204058,-0.01863866,0.6311255,1.334251,0.3950546,0.09728368,0.1558139,0.2153025,-0.8301845,0.2455925,-0.1037938,0.7149201,1.402813,0.257355,0.3667264,1.157445,0.3814225,283.1725,132.8238,121.5521,True
0,1.033335,0.6112629,-0.5012598,-0.2382829,-1.322539,1.55119,-3.008767,0.6045412,1.115429,0.4804056,-2.023306,-0.00888582,8.4,9,0.03979711,0.1668616,-0.187987,-0.5754484,-4.200104,-0.02246296,0.6296517,1.333893,0.395014,0.1047243,0.1451443,0.2163148,-0.8278777,0.2476238,-0.1065832,0.7133147,1.402884,0.2574711,0.3661364,1.155164,0.3805679,283.0707,134.2884,119.7881,True
0,1.044446,0.6208904,-0.5160898,-0.2286396,-1.319544,1.55722,-3.017457,0.6038702,1.115063,0.4805315,-2.022872,0.03957285,8.4,9,0.0258399,0.1359991,-0.183856,-0.5773829,-4.19913,-0.02310905,0.6281586,1.333633,0.395004,0.1111038,0.1153733,0.2237417,-0.8257131,0.249351,-0.1089512,0.7122317,1.403343,0.2574785,0.3655012,1.152755,0.3797118,282.8909,135.8637,117.923,True
0,1.055557,0.6251673,-0.5181597,-0.2211604,-1.316644,1.562873,-3.025954,0.6031249,1.114848,0.4806373,-2.022658,0.01919992,8.4,9,0.01920551,0.1180555,-0.1999286,-0.5802069,-4.198006,-0.02402757,0.6266741,1.333343,0.3950682,0.1334409,0.07272469,0.2299975,-0.8228922,0.2489311,-0.1110291,0.7106902,1.403359,0.2574534,0.3648183,1.150217,0.3788367,282.6759,137.6434,115.8811,True
0,1.066668,0.6390375,-0.523383,-0.2104853,-1.313962,1.56886,-3.035103,0.6024369,1.114532,0.4806888,-2.022915,-0.02374527,9.7,7.9,0.02089953,0.1088048,-0.2405089,-0.5842874,-4.196619,-0.02547606,0.6251376,1.333045,0.3950598,0.1438817,0.05993775,0.2170889,-0.8216006,0.2504869,-0.1134259,0.7092118,1.403354,0.2574229,0.3641771,1.147535,0.3779471,282.4661,139.643,113.6213,True
0,1.077779,0.64756,-0.521192,-0.2051728,-1.311269,-4.708666,-3.044062,0.6016756,1.114257,0.4805655,-2.022731,0.016969,9.7,7.9,0.02499916,0.1314041,-0.269118,-0.5882545,-4.192593,-0.02940529,0.6235242,1.332851,0.3950689,0.1332095,0.05574857,0.2182381,-0.8198387,0.252364,-0.1154472,0.7076355,1.403321,0.2575796,0.3635725,1.144745,0.3770398,282.2575,141.8311,111.1575,True
0,1.08889,0.6645306,-0.4944535,-0.1957475,-1.308991,-4.704066,-3.053321,0.6009617,1.113953,0.4804406,-2.023148,-0.03836567,9.7,7.9,0.02403212,0.1773269,-0.2815007,-0.5918881,-4.186574,-0.03464506,0.6218802,1.332502,0.3949833,0.1248426,0.06751779,0.2300172,-0.8170333,0.2543662,-0.117933,0.7061069,1.403415,0.2576342,0.3629356,1.141935,0.3761241,282.054,144.2526,108.4537,True
0,1.100002,0.6814709,-0.4581547,-0.1906412,-1.306701,-4.700221,-3.062481,0.6001557,1.113644,0.4802101,-2.022954,0.0180107,9.7,7.9,0.01899029,0.2231036,-0.2746636,-0.5948,-4.179616,-0.04046514,0.6202986,1.332206,0.3949172,0.1207381,0.07292149,0.2460257,-0.8139158,0.256737,-0.1203842,0.7040896,1.403465,0.2577662,0.3623139,1.139118,0.375203,281.8632,146.6691,105.7845,True
0,1.111113,0.7015831,-0.4132882,-0.1802565,-1.304882,-4.697133,-3.071718,0.5994427,1.113252,0.4800656,-2.023348,-0.03633622,9.7,7.9,0.0193412,0.2891228,-0.2709065,-0.5978972,-4.170173,-0.04849776,0.6187602,1.331938,0.3948762,0.1135599,0.07513502,0.2716656,-0.8101426,0.2586099,-0.122674,0.702578,1.403545,0.2578046,0.3616508,1.136338,0.3742618,281.7049,149.1378,103.0845,True
0,1.122224,0.6993569,-0.3780473,-0.1644797,-1.303404,-4.694078,-3.080254,0.5988156,1.112767,0.4799969,-2.023328,0.002060772,8.7,8,0.02902251,0.3178701,-0.2750124,-0.6013311,-4.162703,-0.05523023,0.6174096,1.331653,0.394901,0.1167388,0.07837211,0.2715845,-0.8078982,0.2612281,-0.1255249,0.7011356,1.403725,0.2578142,0.36094,1.133607,0.3733553,281.5927,151.5649,100.4231,True
0,1.133335,0.6928492,-0.3374951,-0.1487342,-1.301991,-4.691407,-3.088489,0.5981117,1.112383,0.4798944,-2.023421,-0.008654331,8.7,8,0.0438872,0.2986002,-0.2710546,-0.6043229,-4.158131,-0.05999516,0.6160119,1.331377,0.3948839,0.1144998,0.07837398,0.2630743,-0.8055998,0.2632089,-0.1278853,0.6996816,1.40385,0.2578697,0.3601518,1.130926,0.3725508,281.5184,153.9236,97.84113,True
0,1.144446,0.6767677,-0.3012558,-0.1372164,-1.300718,-4.68915,-3.096206,0.5975533,1.111941,0.479867,-2.022588,0.0761346,8.7,8,0.05647835,0.2569854,-0.2704671,-0.6074569,-4.155654,-0.06307217,0.6147792,1.331039,0.3948908,0.1102023,0.07201432,0.2620522,-0.8030517,0.2649283,-0.1300209,0.6982845,1.403919,0.2578773,0.3593794,1.128241,0.3719503,281.4484,156.1887,95.36862,True
0,1.155557,0.6564833,-0.2842262,-0.129854,-1.299253,-4.686389,-3.103687,0.5969685,1.111502,0.4797275,-2.0222,0.03471386,8.7,8,0.05740568,0.2185791,-0.2654756,-0.6103108,-4.153973,-0.06503386,0.6135229,1.330667,0.3948357,0.1059117,0.07202165,0.258901,-0.8003928,0.2666172,-0.1322925,0.6969067,1.40398,0.2579713,0.358638,1.125548,0.371594,281.3533,158.5353,92.87678,True
0,1.166668,0.6564833,-0.2842262,-0.129854,-1.299253,-4.686389,-3.103687,0.5969685,1.111502,0.4797275,-2.021733,0.04244332,8.7,8,0.05740568,0.2185791,-0.2654756,-0.6103108,-4.153973,-0.06503386,0.6135229,1.330667,0.3948357,0.1059117,0.07202165,0.258901,-0.8003928,0.2666172,-0.1322925,0.6969067,1.40398,0.2579713,0.3578752,1.122905,0.3714652,281.2623,161.0798,90.2662,True
0,1.17778,0.6201978,-0.2608388,-0.1203794,-1.298158,-4.68419,-3.110012,0.5965171,1.111074,0.4796705,-2.014809,0.6329079,7.5,7.8,0.06471545,0.1630406,-0.2532395,-0.6127694,-4.154275,-0.0657348,0.6123965,1.330357,0.3948467,0.1036338,0.08054364,0.2450402,-0.7985286,0.269158,-0.13483,0.6955588,1.403992,0.258018,0.3571978,1.120353,0.3715752,281.1737,164.0135,87.2951,True
0,1.188891,0.5956631,-0.2502427,-0.1172299,-1.296884,-4.681673,-3.116426,0.5960227,1.110698,0.4796624,-2.021233,-0.5924096,7.5,7.8,0.06475064,0.1512436,-0.2437539,-0.6152344,-4.152186,-0.06815775,0.6112141,1.329975,0.3948231,0.09282565,0.08587784,0.2302109,-0.7969009,0.271432,-0.1369192,0.694247,1.403996,0.2581744,0.3565163,1.118299,0.3718678,281.0754,167.5752,83.8259,True
0,1.200002,0.5519556,-0.2386248,-0.110882,-1.295807,-4.679245,-3.121716,0.5956735,1.110326,0.4796605,-2.021337,-0.003621313,7.5,7.8,0.06270318,0.151179,-0.2352104,-0.6176414,-4.149427,-0.07104941,0.6102237,1.329628,0.3947718,0.09363098,0.09113683,0.2046203,-0.7957025,0.2733544,-0.1393182,0.6931847,1.403982,0.258287,0.3560044,1.11672,0.3721648,281.0461,169.315,82.27745,True
0,1.211113,0.5071541,-0.2217027,-0.1088256,-1.294603,-4.677256,-3.126208,0.5953125,1.110063,0.4796901,-2.02135,-0.001586699,7.5,7.8,0.05749404,0.1575278,-0.226587,-0.6200686,-4.146166,-0.07421857,0.6091743,1.32928,0.3947742,0.08605258,0.09008646,0.1940457,-0.7940673,0.2754446,-0.1414101,0.6919561,1.404181,0.2583685,0.3556936,1.115389,0.3723797,281.0144,169.9152,81.80009,True
0,1.222224,0.4559397,-0.1941177,-0.1025654,-1.293667,-4.676051,-3.12991,0.5950871,1.109719,0.4796879,-2.020368,0.08984431,7.5,7.8,0.0566095,0.1712797,-0.2147411,-0.6222204,-4.1424,-0.07789213,0.6082981,1.328969,0.3947549,0.0869966,0.08260239,0.1844664,-0.7924592,0.2766978,-0.1432914,0.690914,1.404217,0.2584279,0.3556147,1.114351,0.3724422,280.9201,169.7598,81.946,True
0,1.233335,0.405715,-0.1399004,-0.09646057,-1.292799,-4.676342,-3.132765,0.5948694,1.109521,0.4797165,-2.019765,0.05451995,7.5,8.2,0.05581549,0.1699758,-0.1859786,-0.6234588,-4.13932,-0.08099605,0.607446,1.328708,0.3947663,0.09539728,0.06766256,0.1769566,-0.7907335,0.2776794,-0.1452842,0.689903,1.4041,0.2584879,0.3557603,1.11387,0.3724086,280.908,168.5374,83.14544,True
0,1.244446,0.3779082,-0.1026778,-0.09239702,-1.291932,-4.676375,-3.136122,0.5947049,1.109225,0.4797447,-2.019401,0.03305418,7.5,8.2,0.06339914,0.1601969,-0.1680273,-0.6248953,-4.13713,-0.08373298,0.6066559,1.328508,0.3948271,0.09956047,0.05591732,0.1705498,-0.7890994,0.2783166,-0.1469974,0.6889279,1.404111,0.2585146,0.3559186,1.113583,0.3723198,281.0536,167.2133,84.47781,True
0,1.255558,0.312649,-0.01013457,-0.08224852,-1.291349,-4.679466,-3.136541,0.5946794,1.109131,0.4798594,-2.019244,0.01435704,7.5,8.2,0.0805421,0.1215004,-0.1376192,-0.6252586,-4.137163,-0.08505045,0.6062338,1.328358,0.3948741,0.1120766,0.03028359,0.1523686,-0.7879772,0.2780503,-0.148386,0.6880765,1.40404,0.2585564,0.3560157,1.113385,0.3722227,281.1054,166.2002,85.42766,True
0,1.266669,0.2794973,0.03351666,-0.06969336,-1.291048,-4.681138,-3.138207,0.5945692,1.108984,0.4798982,-2.019976,-0.06677433,7.5,8.2,0.09116288,0.08832502,-0.1252193,-0.6263115,-4.137287,-0.08637644,0.6056021,1.328155,0.3948908,0.1129879,0.02173302,0.1395967,-0.7868448,0.2784038,-0.1499733,0.6872214,1.404025,0.2585719,0.3560135,1.113228,0.3722236,281.1799,165.3598,86.22755,True
0,1.27778,0.231411,0.08457862,-0.05718157,-1.290851,-4.68397,-3.138294,0.5945938,1.10893,0.4801462,-2.018293,0.1546946,6.5,8.2,0.1080454,0.03382489,-0.1151948,-0.6270791,-4.140052,-0.08592582,0.6052299,1.328045,0.3949852,0.1159476,0.00251025,0.1225679,-0.7860203,0.2777542,-0.1507932,0.6866316,1.403966,0.2585778,0.35602,1.113065,0.3723291,281.0793,164.3832,87.05333,True
0,1.288891,0.18549,0.1239194,-0.04673037,-1.290675,-4.686574,-3.138237,0.5945668,1.108886,0.4803731,-2.019324,-0.09542786,6.5,8.2,0.1197024,0.001718558,-0.1049301,-0.6278924,-4.141796,-0.08607204,0.6048785,1.327958,0.3950379,0.1168218,-0.01882344,0.1098279,-0.7850993,0.2768455,-0.1514415,0.6859978,1.403995,0.2585979,0.3558248,1.113009,0.3725499,280.9596,164.0204,87.29694,True
0,1.300002,0.1588098,0.1398241,-0.04574349,-1.290215,-4.688775,-3.138455,0.5945672,1.108881,0.480623,-2.018594,0.0680063,6.5,8.2,0.127194,-0.02081488,-0.09027967,-0.6282786,-4.143589,-0.0862747,0.6045426,1.327856,0.3951058,0.1176987,-0.03909767,0.0970857,-0.784302,0.2754666,-0.1517887,0.6854615,1.403977,0.2585683,0.355588,1.112967,0.3728393,280.6424,163.6655,87.47868,True
0,1.311113,0.1129412,0.159915,-0.0479685,-1.289564,-4.691235,-3.137569,0.5946043,1.108945,0.4808998,-2.018685,-0.008704794,6.5,8.2,0.1283367,-0.04015476,-0.07234377,-0.6283696,-4.145478,-0.08610053,0.6044052,1.327808,0.3952012,0.1164927,-0.04976845,0.08646771,-0.783617,0.274522,-0.1523573,0.6848728,1.403976,0.2585866,0.3554188,1.112919,0.3732772,280.2877,163.0371,87.88613,True
0,1.322224,0.06710473,0.1682608,-0.0543884,-1.288697,-4.693415,-3.136198,0.5946709,1.109028,0.481154,-2.019268,-0.05287893,6.5,8.2,0.131671,-0.03708369,-0.05956499,-0.6285284,-4.146029,-0.08723264,0.6041867,1.327748,0.3952479,0.1152027,-0.06685388,0.0694793,-0.7832447,0.2726852,-0.1522915,0.6844615,1.404015,0.2585735,0.3553531,1.112854,0.3739896,279.7563,162.1749,88.60944,True
0,1.333336,0.02870262,0.182974,-0.06937111,-1.287399,-4.696054,-3.134528,0.5947412,1.109177,0.4814508,-2.018678,0.0546832,6.4,8.3,0.1351585,-0.03521456,-0.03082148,-0.6279654,-4.146255,-0.08867927,0.6041613,1.327731,0.3952856,0.1065515,-0.08709066,0.06216575,-0.7825438,0.2706183,-0.1517192,0.6840612,1.404215,0.2585356,0.3553146,1.112809,0.3749506,279.6421,162.0193,88.8658,True
0,1.344447,-0.04276549,0.2081782,-0.09504553,-1.284704,-4.701646,-3.130172,0.5949616,1.109565,0.4821506,-2.018445,0.02110327,6.4,8.3,0.1171877,-0.0748373,0.003094858,-0.6269385,-4.150797,-0.08708137,0.6041306,1.3277,0.3954322,0.09992783,-0.0860578,0.04092494,-0.7818285,0.2680886,-0.1518803,0.6835208,1.404301,0.2585139,0.3551669,1.112871,0.3759606,279.7651,162.7564,88.39043,True
0,1.355558,-0.05874969,0.207013,-0.1046191,-1.283279,-4.704017,-3.128401,0.595075,1.109711,0.4825084,-2.017488,0.08770964,6.4,8.3,0.1117961,-0.09187651,0.005127525,-0.6268069,-4.153472,-0.08594421,0.6041821,1.327625,0.3954442,0.09758128,-0.08183618,0.01963959,-0.782099,0.2671679,-0.1522457,0.6831992,1.40429,0.2585101,0.3548728,1.113005,0.3765814,279.1518,163.4456,87.58687,True
0,1.366669,-0.08749101,0.1972522,-0.1194625,-1.28149,-4.705961,-3.12591,0.5951456,1.110007,0.4829435,-2.018497,-0.09266733,6.6,8.9,0.1053115,-0.1110204,0.005026267,-0.6266066,-4.156663,-0.08429251,0.6043022,1.327603,0.3954647,0.0908604,-0.08615744,-0.01010763,-0.7830604,0.2654206,-0.1517688,0.6831189,1.404304,0.25843,0.3546237,1.113185,0.377168,279.5138,165.2001,85.71997,True
0,1.37778,-0.1173028,0.1885448,-0.1364389,-1.279532,-4.70787,-3.123177,0.5953021,1.110319,0.4833884,-2.019509,-0.09131122,6.6,8.9,0.1085271,-0.1164076,0.01027533,-0.6262423,-4.159021,-0.0836403,0.6045203,1.327667,0.3955019,0.08952613,-0.1043067,-0.03029904,-0.783877,0.2629134,-0.1508598,0.6831036,1.404397,0.2582786,0.3542202,1.11339,0.3778952,280.3132,165.6102,85.54582,True
0,1.388891,-0.1332544,0.1766983,-0.1502109,-1.277431,-4.709549,-3.120656,0.5954124,1.110661,0.4838157,-2.019127,0.03580705,6.6,8.9,0.1097619,-0.1112141,0.02522329,-0.6253576,-4.160712,-0.08353191,0.6047146,1.327715,0.3954818,0.08961488,-0.1234491,-0.01746664,-0.7833869,0.2601249,-0.1498811,0.6831055,1.404513,0.2581549,0.3539005,1.113548,0.3788826,280.828,166.6055,84.90728,True
0,1.400002,-0.157737,0.165868,-0.1682471,-1.274981,-4.711192,-3.117588,0.5955595,1.1111,0.484235,-2.019167,-0.003775211,6.6,8.9,0.1264999,-0.1002017,0.09866612,-0.6218758,-4.161572,-0.08471169,0.6051925,1.327908,0.3953366,0.0703796,-0.1532209,-0.01611824,-0.7830343,0.2565278,-0.1475642,0.6831019,1.404596,0.2579796,0.3535505,1.113682,0.3801243,281.2172,167.5834,84.35474,True
0,1.411114,-0.173704,0.1582794,-0.184169,-1.272592,1.57021,-3.114623,0.5958534,1.111647,0.4846942,-2.019665,-0.04524768,6.6,8.9,0.1313711,-0.07187895,0.1478639,-0.6187599,-4.160924,-0.08682784,0.6055793,1.328115,0.3953223,0.07256585,-0.1627948,-0.008659571,-0.782596,0.2535633,-0.1463359,0.6831343,1.404665,0.2578027,0.3532269,1.113831,0.3815629,281.5663,168.6533,83.74632,True
0,1.422225,-0.1950299,0.1591581,-0.2054631,-1.269642,1.568197,-3.111141,0.5961736,1.112262,0.485266,-2.019479,0.0176348,5.9,8.9,0.148012,-0.06505457,0.2127504,-0.6141617,-4.160966,-0.08900284,0.6061985,1.328384,0.3952582,0.08623039,-0.1862942,-0.02152889,-0.7827702,0.2496829,-0.1452264,0.6832863,1.404722,0.2575479,0.3529072,1.113994,0.3831723,281.9814,169.7981,83.13416,True
0,1.433336,-0.2217727,0.1674621,-0.2320554,-1.266439,1.565481,-3.106941,0.5967686,1.112968,0.4859307,-2.019894,-0.03792862,5.9,8.9,0.1746298,-0.1293595,0.2428418,-0.6101393,-4.166397,-0.087365,0.6068939,1.328681,0.395272,0.06848329,-0.193871,-0.0852462,-0.7855691,0.2457214,-0.1426139,0.6836161,1.404728,0.2572901,0.352676,1.114188,0.3848336,282.4697,170.9769,82.46561,True
0,1.444447,-0.2483424,0.1693507,-0.2577089,-1.262832,1.563652,-3.102688,0.5973333,1.113714,0.4866555,-2.019778,0.01114386,5.9,8.9,0.1973936,-0.2358591,0.22573,-0.6076412,-4.176652,-0.08192496,0.6076114,1.328963,0.3952916,0.06811677,-0.1918272,-0.1204067,-0.7877801,0.2423775,-0.1410559,0.6838629,1.404633,0.2571099,0.352665,1.11462,0.3860652,282.8813,171.7377,81.95275,True
0,1.455558,-0.2643684,0.1809277,-0.2748109,-1.259341,1.560897,-3.098461,0.5979578,1.114421,0.4873083,-2.019538,0.02206826,5.9,8.9,0.2043807,-0.3007379,0.2091265,-0.6056423,-4.186269,-0.07652833,0.6082722,1.32922,0.3953149,0.06794021,-0.1897325,-0.137468,-0.7896086,0.2393214,-0.1397164,0.6841559,1.40469,0.2569132,0.3528556,1.11542,0.386775,283.1419,171.8734,81.83924,True
0,1.466669,-0.3048922,0.1891809,-0.3004013,-1.255211,1.558111,-3.092803,0.5988388,1.115372,0.4881074,-2.019501,0.003398227,5.9,8.9,0.2017809,-0.359152,0.1894747,-0.6037546,-4.196767,-0.07008508,0.6089553,1.329549,0.395365,0.06783254,-0.1780472,-0.1502812,-0.7915133,0.2367011,-0.1386311,0.6845913,1.404738,0.256676,0.3532828,1.11662,0.3872797,283.2595,171.4087,82.21913,True
0,1.47778,-0.3442292,0.1623923,-0.3066212,-1.251638,1.556907,-3.087291,0.5998886,1.116422,0.4889541,-2.020103,-0.05484169,5.2,9.8,0.2039509,-0.3570654,0.192674,-0.6013135,-4.203327,-0.06691192,0.6097183,1.32999,0.3953218,0.06557469,-0.171671,-0.1630634,-0.7935245,0.2341908,-0.1374431,0.6851065,1.404748,0.256357,0.3538658,1.11821,0.3877624,283.3841,170.3287,83.21841,True
0,1.488891,-0.3442292,0.1623923,-0.3066212,-1.251638,1.556907,-3.087291,0.5998886,1.116422,0.4889541,-2.019051,0.0968492,5.2,9.8,0.2039509,-0.3570654,0.192674,-0.6013135,-4.203327,-0.06691192,0.6097183,1.32999,0.3953218,0.06557469,-0.171671,-0.1630634,-0.7935245,0.2341908,-0.1374431,0.6851065,1.404748,0.256357,0.354607,1.120094,0.3883534,283.6135,168.8296,84.68188,True
0,1.500003,-0.4090491,0.1120501,-0.3212189,-1.24428,1.555368,-3.076312,0.6023999,1.118722,0.4907072,-2.023898,-0.4439149,5.2,9.8,0.2061661,-0.1976266,0.2323732,-0.5951158,-4.202812,-0.07190508,0.6114475,1.33099,0.3951325,0.05269335,-0.1716414,-0.1714541,-0.7971507,0.2286292,-0.1342132,0.6862669,1.404848,0.2556531,0.3554111,1.122216,0.3890538,283.8362,167.0085,86.59351,True
0,1.511114,-0.4303242,0.1013203,-0.3232853,-1.240577,1.554015,-3.070523,0.603797,1.119961,0.4913692,-2.014149,0.8953918,5.2,9.8,0.2119643,-0.1445835,0.2551446,-0.5915035,-4.202128,-0.0749821,0.6123468,1.331522,0.3950317,0.0481407,-0.2078942,-0.1894277,-0.7993973,0.2234075,-0.1308946,0.6869169,1.404901,0.2551334,0.3564246,1.124227,0.3897499,283.9505,165.0139,88.70832,True
0,1.522225,-0.4303242,0.1013203,-0.3232853,-1.240577,1.554015,-3.070523,0.603797,1.119961,0.4913692,-2.018956,-0.4472171,5.2,9.8,0.2119643,-0.1445835,0.2551446,-0.5915035,-4.202128,-0.0749821,0.6123468,1.331522,0.3950317,0.0481407,-0.2078942,-0.1894277,-0.7993973,0.2234075,-0.1308946,0.6869169,1.404901,0.2551334,0.3580697,1.126223,0.3905458,284.41,165.2334,88.37929,True
0,1.533336,-0.4409791,0.103449,-0.3179687,-1.237325,1.552476,-3.064787,0.6051328,1.121191,0.4922307,-2.025043,-0.5515487,5.6,9.4,0.237988,-0.1140873,0.2871166,-0.5872313,-4.201837,-0.07871372,0.6135154,1.332224,0.3948784,0.04997432,-0.2399104,-0.2096069,-0.8018778,0.2177579,-0.1275683,0.6875901,1.404934,0.254638,0.3596619,1.128608,0.391322,284.692,164.1366,89.5099,True
0,1.544447,-0.4748185,0.0223586,-0.3217548,-1.229956,1.553465,-3.053823,0.608534,1.124182,0.4943442,-2.020285,0.439363,5.6,9.4,0.3415358,-0.188596,0.3451445,-0.5774388,-4.211752,-0.08081628,0.6164457,1.33372,0.3945894,0.07488781,-0.3295483,-0.2480004,-0.8072633,0.2034286,-0.1197434,0.6892587,1.4051,0.2533393,0.3608887,1.131011,0.3919241,284.7395,161.3844,92.48298,True
0,1.555558,-0.4245715,-0.04567195,-0.324537,-1.225977,1.555756,-3.051789,0.6100841,1.125663,0.4952745,-2.015078,0.4718625,5.6,9.4,0.3838311,-0.2505835,0.3431436,-0.5734404,-4.220381,-0.07908417,0.6180062,1.334387,0.3944683,0.07684854,-0.3540503,-0.2575582,-0.8100031,0.1971621,-0.1162329,0.6900553,1.405186,0.2527559,0.3624623,1.13307,0.3924467,285.0602,160.7172,93.12034,True
0,1.566669,-0.4190003,-0.1257644,-0.360324,-1.220414,1.559752,-3.048705,0.6120822,1.127222,0.496357,-2.018952,-0.3574165,5.6,9.4,0.4430387,-0.3467591,0.3438795,-0.5690456,-4.233063,-0.07543644,0.6197948,1.335131,0.3943608,0.08211407,-0.3966644,-0.2532436,-0.8119754,0.1886402,-0.111453,0.6909487,1.405199,0.2519968,0.3647736,1.135201,0.3930906,285.5887,161.9064,91.62456,True
