sub_num,case_nm,d_sh_close,d_sh_mid,d_sh_far,d_sh_high
1,AB,0.02172,0.058523,0.056801,0.041982
1,AB,-0.0041997,0.079035,0.084718,0.065858
1,AB,-0.00056152,0.074214,0.045515,0.028736
1,AB,0.018511,0.078148,0.081435,0.062516
1,AB,0.022762,0.094331,0.04863,0.069871
1,AB,-0.0012844,0.083419,0.05523,0.076102
1,AB,0.0058489,0.085606,0.083621,0.048436
1,AB,0.012479,0.087265,0.077099,0.054701
1,AB,0.0014531,0.0802,0.082382,0.050745
1,AB,0.0088769,0.065559,0.07424,0.061119
1,EP,-0.017758,0.085169,0.053838,0.075858
1,EP,-0.0076663,0.10971,0.047454,0.076315
1,EP,-0.016052,0.059077,0.061543,0.096004
1,EP,-0.0044692,0.054663,0.055615,0.066053
1,EP,-0.0097782,0.11041,0.046184,0.080672
1,EP,-0.018584,0.089967,0.070442,0.079398
1,EP,-0.0016347,0.081472,0.04622,0.067921
1,EP,-0.012872,0.091369,0.070408,0.073712
1,EP,-0.031743,0.080866,0.049525,0.06737
1,EP,-0.024778,0.055866,0.063861,0.06629
1,TS,-0.032034,0.073855,0.055898,0.066002
1,TS,-0.02177,0.073483,0.07013,0.044137
1,TS,-0.031191,0.079916,0.064975,0.062847
1,TS,-0.015755,0.093663,0.070241,0.06857
1,TS,-0.00070012,0.060295,0.070653,0.051011
1,TS,0.00027582,0.065091,0.069016,0.044016
1,TS,-0.0090557,0.068075,0.081902,0.058691
1,TS,-0.034384,0.050738,0.066814,0.051247
1,TS,-0.0068556,0.093224,0.059544,0.084232
1,TS,-0.0083821,0.058853,0.063461,0.069172
1,JS,-0.010937,0.070732,0.07126,0.077298
1,JS,-0.051968,0.075824,0.083321,0.10893
1,JS,-0.03117,0.063063,0.079285,0.088556
1,JS,-0.027842,0.10949,0.064863,0.093046
1,JS,0.0016897,0.071358,0.072178,0.064325
1,JS,-0.035999,0.095069,0.07406,0.077303
1,JS,-0.013138,0.080279,0.057417,0.055678
1,JS,-0.025884,0.081795,0.095396,0.08819
1,JS,-0.018088,0.10146,0.053092,0.077586
1,JS,-0.018328,0.07779,0.070626,0.073696
2,AB,0.001002,0.1118,0.056674,0.065796
2,AB,0.0014047,0.06705,0.075459,0.061954
2,AB,0.00052324,0.072999,0.072713,0.080348
2,AB,0.0067741,0.087838,0.07455,0.056771
2,AB,0.003498,0.086242,0.070051,0.060098
2,AB,0.0023723,0.085654,0.019822,0.071395
2,AB,0.0026347,0.074273,0.072067,0.069895
2,AB,-0.0024364,0.077212,0.056429,0.073601
2,AB,0.00035682,0.068372,0.073753,0.071355
2,AB,0.00033564,0.071473,0.063119,0.050765
2,EP,0.0016675,0.10926,0.11552,0.061387
2,EP,-0.013603,0.099338,0.086023,0.057063
2,EP,-0.0030825,0.056153,0.084673,0.025068
2,EP,-0.0086159,0.077133,0.075167,0.058634
2,EP,-0.0048047,0.088075,0.094175,0.062621
2,EP,0.011471,0.082556,0.093248,0.061252
2,EP,0.0044168,0.099212,0.084117,0.073312
2,EP,0.0045808,0.091399,0.098169,0.057033
2,EP,0.011983,0.053325,0.077848,0.058299
2,EP,-0.0012333,0.081963,0.10717,0.066125
2,TS,-0.0051847,0.08903,0.10454,0.037553
2,TS,0.0073141,0.063529,0.10004,0.036777
2,TS,0.0055407,0.046997,0.087451,0.045851
2,TS,0.01597,0.084974,0.11045,0.037556
2,TS,0.0042968,0.12508,0.099689,0.040038
2,TS,-4.1112e-05,0.11046,0.096986,0.040342
2,TS,-0.0079343,0.088289,0.08425,0.0625
2,TS,0.013717,0.11054,0.10965,0.0017258
2,TS,0.00883,0.049376,0.096849,0.074894
2,TS,0.008313,0.087719,0.11825,0.064005
2,JS,0.0005174,0.082147,0.077534,0.055995
2,JS,0.0028583,0.08698,0.080786,0.05725
2,JS,-0.0016497,0.070738,0.079076,0.060398
2,JS,0.004191,0.080009,0.082295,0.064802
2,JS,0.0036516,0.081896,0.083773,0.071222
2,JS,0.0022977,0.081498,0.08548,0.075468
2,JS,0.0017358,0.095461,0.096739,0.057198
2,JS,0.0099796,0.08283,0.080069,0.073994
2,JS,0.0019898,0.087428,0.083461,0.068244
2,JS,-0.002753,0.079925,0.086058,0.063028
3,AB,0.0042985,0.078444,0.074283,0.073166
3,AB,0.0060407,0.081302,0.099042,0.068139
3,AB,0.00080643,0.086623,0.085397,0.068001
3,AB,-0.00033193,0.088242,0.09415,0.070216
3,AB,-0.00028842,0.081759,0.095755,0.069498
3,AB,0.008258,0.08432,0.084866,0.062006
3,AB,0.00079097,0.08577,0.095968,0.075268
3,AB,-0.0018801,0.077473,0.095435,0.061421
3,AB,0.0038886,0.079854,0.091017,0.070749
3,AB,0.0022622,0.074851,0.090705,0.079487
3,EP,0.014603,0.083779,0.03953,0.13367
3,EP,0.0054912,0.10001,0.065548,0.12652
3,EP,0.056517,0.037007,0.066827,0.12154
3,EP,0.0040665,0.12828,0.056432,0.12153
3,EP,0.028088,0.1003,0.1033,0.12504
3,EP,-0.0048052,0.10035,0.059586,0.12925
3,EP,0.036028,0.11092,-0.0041146,0.1231
3,EP,0.0065905,0.07545,0.076492,0.10393
3,EP,0.0089904,0.088825,0.066763,0.11908
3,EP,0.0093378,0.11153,0.084735,0.13613
3,TS,0.020629,0.04743,-0.022492,0.11394
3,TS,0.030326,0.035977,0.013754,0.095164
3,TS,0.010834,-0.0089222,0.0023968,0.10594
3,TS,0.046494,0.061518,0.0078151,0.10265
3,TS,0.038464,0.052205,-0.0050437,0.11552
3,TS,-0.015554,0.061358,0.02034,0.10113
3,TS,0.015412,0.044015,0.015284,0.11034
3,TS,0.037137,0.062149,0.050309,0.10777
3,TS,0.015273,0.072631,0.028321,0.10917
3,TS,0.017159,0.063721,0.059319,0.11534
3,JS,0.0045007,0.071084,0.054305,0.10059
3,JS,-0.0058752,0.044075,0.036897,0.096277
3,JS,0.031066,0.039454,0.041588,0.093241
3,JS,0.0067508,0.065651,0.053088,0.094618
3,JS,-0.0093767,0.072006,0.041142,0.10128
3,JS,-0.027164,0.047324,0.013855,0.1007
3,JS,-0.014475,0.047632,0.015523,0.10205
3,JS,0.029257,0.043727,0.024694,0.092784
3,JS,-0.0025151,0.03173,0.027544,0.094618
3,JS,0.0047931,0.064479,0.045371,0.10086
4,AB,0.0025451,0.1347,0.16128,0.069605
4,AB,0.0018708,0.10784,0.13552,0.066255
4,AB,0.0042508,0.1029,0.14771,0.071917
4,AB,0.014885,0.079982,0.13281,0.076392
4,AB,0.013859,0.12479,0.13578,0.055675
4,AB,0.011424,0.11491,0.13923,0.047825
4,AB,-0.002383,0.10867,0.12896,0.073168
4,AB,0.01153,0.13072,0.15133,0.066604
4,AB,0.0033702,0.072309,0.13969,0.046487
4,AB,-0.015413,0.097684,0.13552,0.043897
4,EP,-0.012335,0.098611,0.10271,0.08701
4,EP,0.02744,0.065144,0.12547,0.094039
4,EP,0.016063,0.052726,0.063497,0.090195
4,EP,0.027257,0.057191,0.10418,0.096747
4,EP,0.0092987,0.074694,0.096371,0.10415
4,EP,-0.020956,0.078281,0.069027,0.10157
4,EP,0.016138,0.10127,0.14988,0.086734
4,EP,0.00042972,0.11898,0.090849,0.10328
4,EP,-0.0063121,0.10002,0.10703,0.069834
4,EP,0.019525,0.080555,0.091354,0.09396
4,TS,0.053726,0.093464,0.13603,0.10669
4,TS,0.051508,0.038814,0.12641,0.11369
4,TS,-0.013673,0.016567,0.11885,0.07361
4,TS,-0.00012292,0.13294,0.11512,0.044955
4,TS,-0.0094307,0.065561,0.11397,0.077071
4,TS,0.046031,0.044634,0.10611,0.064444
4,TS,-0.0065006,0.035822,0.059276,0.10203
4,TS,-0.013402,0.044401,0.11342,0.068166
4,TS,-0.022377,0.1456,0.1585,0.1177
4,TS,0.020383,0.037008,0.1188,0.086455
4,JS,0.011468,0.089675,0.077746,0.079628
4,JS,0.011087,0.022244,0.096921,0.12629
4,JS,0.0083862,0.015575,0.10125,0.094635
4,JS,-0.0063693,0.10688,0.089552,0.079121
4,JS,-0.056701,0.037428,0.096607,0.045668
4,JS,0.0090271,0.069507,0.13288,0.090658
4,JS,-0.0036524,0.052443,0.11759,0.091619
4,JS,-0.01531,0.090792,0.14577,0.085802
4,JS,0.031705,0.0091928,0.068583,0.067587
4,JS,-0.011906,0.01055,0.12513,0.081474
5,AB,-0.002632,0.071571,0.07532,0.049208
5,AB,-0.0045381,0.031595,0.083125,0.034838
5,AB,-0.001676,0.017907,0.072526,0.059066
5,AB,0.00067719,0.042284,0.082389,0.049262
5,AB,-0.0015711,0.051679,0.070085,0.041314
5,AB,0.00092759,0.069557,0.076044,0.038758
5,AB,-0.00030396,0.066839,0.069026,0.02064
5,AB,0.0040386,0.079742,0.089617,0.054445
5,AB,-0.0018562,0.066832,0.075044,0.054559
5,AB,-0.0066094,0.074932,0.076142,0.050578
5,EP,0.0099399,0.080543,0.074491,0.069261
5,EP,-0.0024163,0.099469,0.070411,0.048376
5,EP,0.0016682,0.060141,0.094171,0.08599
5,EP,0.006753,0.08581,0.095804,0.059308
5,EP,0.0094508,0.081916,0.096502,0.053726
5,EP,0.0015668,0.095519,0.057982,0.09165
5,EP,0.025828,0.090534,0.10218,0.074562
5,EP,0.0085094,0.058035,0.10746,0.072532
5,EP,0.011026,0.017751,0.080916,0.0955
5,EP,0.033735,0.084409,0.070269,0.068216
5,TS,0.016296,0.054601,0.060732,0.072909
5,TS,-0.0036342,0.077521,0.060078,0.074652
5,TS,0.0068714,0.06586,0.063075,0.074969
5,TS,0.010924,0.07732,0.04736,0.093525
5,TS,-0.0035638,0.082537,0.053521,0.065539
5,TS,-0.0028863,0.079476,0.048553,0.097617
5,TS,0.0069096,0.07075,0.059211,0.055502
5,TS,0.0032875,0.087268,0.034017,0.084709
5,TS,0.01079,0.077469,0.059893,0.082727
5,TS,0.00065484,0.07669,0.053124,0.048367
5,JS,0.034149,0.089281,0.074092,0.067854
5,JS,0.022224,0.070745,0.048325,0.070931
5,JS,0.00045153,0.0684,0.03763,0.099447
5,JS,0.004621,0.071984,0.01829,0.076355
5,JS,0.023709,0.11576,0.018682,0.073395
5,JS,0.029395,0.058521,0.044034,0.057076
5,JS,0.023556,0.074352,0.068989,0.098985
5,JS,0.04634,0.074307,0.049085,0.065036
5,JS,0.0065316,0.095512,0.078115,0.096774
5,JS,0.019411,0.10546,0.065362,0.095352
6,AB,-0.0068586,0.078387,0.05225,0.061075
6,AB,0.0059284,0.081887,0.050851,0.055586
6,AB,-0.0057587,0.072899,0.05788,0.060736
6,AB,-0.0045201,0.069239,0.056362,0.058828
6,AB,-0.010945,0.068934,0.03481,0.065261
6,AB,0.0062563,0.059745,0.058233,0.05743
6,AB,-0.0050119,0.067587,0.054627,0.068956
6,AB,-0.0065738,0.057911,0.049888,0.066407
6,AB,-0.0057156,0.058984,0.050415,0.064086
6,AB,0.0086951,0.058248,0.051072,0.062176
6,EP,-0.0032686,0.067627,0.083528,0.051658
6,EP,0.0074602,0.052023,0.098552,0.01149
6,EP,-0.0047229,0.065722,0.02727,0.052846
6,EP,0.0042073,0.032793,0.05482,0.050049
6,EP,0.003572,0.047149,0.049762,0.063515
6,EP,0.0023196,0.056279,0.049887,0.04929
6,EP,0.021567,0.082578,0.051628,0.079835
6,EP,-0.013927,0.042046,0.045015,0.073619
6,EP,-0.0069941,0.068207,0.099759,0.073418
6,EP,-0.0042916,0.084572,0.093277,0.075612
6,TS,-0.0096364,0.03531,-0.0091529,0.015356
6,TS,-0.01002,0.067887,0.058016,0.014754
6,TS,-0.0071568,0.05148,0.056415,0.036229
6,TS,0.0037241,0.039987,0.072084,0.013082
6,TS,-0.0021253,0.03976,0.066223,-0.0017539
6,TS,-0.0016924,0.070514,0.06172,0.019035
6,TS,-0.011222,0.030181,0.049481,0.019949
6,TS,0.0022035,0.049065,0.027565,0.01815
6,TS,-0.0070926,0.063519,0.063372,0.016248
6,TS,0.0033618,-0.0025893,0.068904,0.023355
6,JS,-0.0014445,0.048182,0.058856,0.058633
6,JS,-0.012536,0.087189,0.031976,0.067019
6,JS,-0.015607,0.062268,0.03909,0.066661
6,JS,-0.016886,0.08175,0.039608,0.055388
6,JS,-0.0058195,0.01062,0.043538,0.047423
6,JS,-0.0074858,0.068418,0.037429,0.059043
6,JS,0.012192,0.048267,0.037716,0.083994
6,JS,0.0080974,0.10113,0.038365,0.062575
6,JS,-0.018763,0.058717,0.046974,0.057254
6,JS,0.0089178,0.054558,0.049441,0.066592
7,AB,0.0064327,0.096187,0.10517,0.035947
7,AB,0.0013227,0.08265,0.085449,0.043924
7,AB,-0.018624,0.078541,0.09254,0.027837
7,AB,-0.015408,0.10059,0.094882,0.042682
7,AB,0.0001566,0.11502,0.079345,0.029947
7,AB,-0.00040736,0.13295,0.076238,0.042424
7,AB,0.0033614,0.089983,0.07875,0.046063
7,AB,-0.0015936,0.083162,0.095635,0.049997
7,AB,-0.0088856,0.091115,0.089452,0.031024
7,AB,-0.0089512,0.090806,0.074233,0.044618
7,EP,-0.009292,0.087542,0.085995,0.084979
7,EP,0.004423,0.065786,0.063042,0.063542
7,EP,-0.019345,0.10156,0.063676,0.090052
7,EP,0.0080631,0.082211,0.064823,0.098013
7,EP,0.026893,0.097103,0.074431,0.067803
7,EP,0.0072176,0.10933,0.087515,0.080971
7,EP,0.022932,0.12661,0.099586,0.060792
7,EP,0.013639,0.1352,0.10306,0.066938
7,EP,0.016377,0.13526,0.085086,0.079666
7,EP,-0.025308,0.11558,0.083307,0.079724
7,TS,0.010937,0.072169,0.13037,0.061515
7,TS,0.0073636,0.086267,0.078196,0.071234
7,TS,0.0096478,0.088636,0.11277,0.07169
7,TS,-0.0060946,0.072949,0.088,0.062321
7,TS,0.02831,0.043463,0.12283,0.090378
7,TS,-0.012608,0.051476,0.12832,0.076353
7,TS,0.0037005,0.058208,0.069938,0.074775
7,TS,0.0063707,0.080077,0.089989,0.084674
7,TS,0.0051431,0.052859,0.070759,0.044295
7,TS,-0.01336,0.091457,0.064502,0.084186
7,JS,0.0081109,0.091093,0.11237,0.069862
7,JS,-0.011095,0.082276,0.082392,0.063968
7,JS,-0.011257,0.10236,0.083963,0.069914
7,JS,0.027301,0.11775,0.093075,0.065045
7,JS,0.0045311,0.097732,0.10289,0.068717
7,JS,0.0039547,0.090884,0.081864,0.090977
7,JS,0.023107,0.063256,0.085742,0.065297
7,JS,-0.0048186,0.10837,0.092876,0.089497
7,JS,-0.0037684,0.098014,0.10561,0.084858
7,JS,0.0076516,0.062735,0.08408,0.07151
8,AB,0.0031397,0.093429,0.058624,0.053295
8,AB,0.013103,0.06454,0.049414,0.042132
8,AB,-0.00089676,0.06846,0.039638,0.051856
8,AB,0.003162,0.083754,0.069266,0.044601
8,AB,-0.011643,0.04988,0.043832,0.042229
8,AB,0.018891,0.077014,0.065768,0.043024
8,AB,0.015348,0.074474,0.05621,0.064163
8,AB,0.00037953,0.053139,0.060261,0.048036
8,AB,0.017465,0.048325,0.05046,0.060159
8,AB,-0.0073338,0.024505,0.044393,0.066213
8,EP,-0.01985,0.078661,0.045693,0.025836
8,EP,0.0011063,0.080169,0.055652,0.043635
8,EP,0.014224,0.072616,0.054263,0.038571
8,EP,0.0035704,0.031323,0.053501,0.045219
8,EP,0.004412,0.035672,0.02779,0.059333
8,EP,0.0044887,0.064073,0.059199,0.096864
8,EP,-0.0064798,0.047442,0.016447,0.0613
8,EP,0.015096,0.063538,0.049301,0.041532
8,EP,0.016283,0.084164,0.049791,0.047686
8,EP,-0.011746,0.073833,0.046874,0.050147
8,TS,0.0079784,0.082697,0.044561,0.02717
8,TS,0.011392,0.028944,0.048242,0.060972
8,TS,-0.006494,0.038262,0.049779,0.025454
8,TS,0.00049329,0.074079,0.047178,0.04384
8,TS,0.0012191,0.045594,0.05442,0.035434
8,TS,-0.0081489,0.038296,0.031129,0.044903
8,TS,-0.0028457,0.054371,0.041352,0.053019
8,TS,0.014351,0.050702,0.060096,0.052323
8,TS,0.0023258,0.050963,0.026675,0.065657
8,TS,-0.004545,0.033083,0.036341,0.037389
8,JS,-0.018394,0.058162,0.022192,0.073501
8,JS,-0.016111,0.050967,0.06392,0.084962
8,JS,-0.0057648,0.042389,0.03426,0.062712
8,JS,-0.0069987,0.018477,0.039615,0.049498
8,JS,0.0099346,0.062361,0.029357,0.080953
8,JS,-0.0075406,0.042518,0.026908,0.07367
8,JS,-0.0039415,0.033358,0.034552,0.060527
8,JS,-0.014193,0.037197,0.049145,0.06876
8,JS,-0.010274,0.057845,0.030689,0.075634
8,JS,-0.016953,0.041769,0.010066,0.085352
9,AB,0.0050774,0.071248,0.039049,0.06195
9,AB,0.0030371,0.069398,0.023771,0.060517
9,AB,-0.0016247,0.075615,0.023892,0.077867
9,AB,0.0084923,0.08179,0.038288,0.061297
9,AB,0.0029924,0.077137,0.055668,0.061851
9,AB,-0.0074692,0.063818,0.0469,0.068376
9,AB,0.0017755,0.07063,0.041343,0.07926
9,AB,-0.0053126,0.087507,0.046447,0.051773
9,AB,0.0097717,0.091014,0.054635,0.068957
9,AB,0.0035825,0.085684,0.046057,0.061542
9,EP,-0.027235,0.01074,0.0071033,0.035665
9,EP,0.0055337,0.031777,0.0091803,0.031376
9,EP,0.028165,0.058886,0.040941,0.042826
9,EP,0.0042775,0.03056,0.034247,0.014365
9,EP,0.022979,0.0051434,0.0090178,0.060633
9,EP,0.010808,0.073703,0.039128,0.042513
9,EP,0.01602,0.029592,0.0054159,-0.0080941
9,EP,0.023105,0.042186,-0.0017803,0.036228
9,EP,0.011844,0.03372,-0.0022073,-0.012229
9,EP,0.0033871,0.012831,0.0054059,0.056304
9,TS,0.024737,0.046846,0.00062413,0.052296
9,TS,0.005036,0.028808,0.014128,0.033863
9,TS,-0.0005453,0.01448,-0.0052398,0.037684
9,TS,0.011394,0.050142,-0.018883,0.041907
9,TS,0.016957,0.00082123,0.025409,0.059008
9,TS,-0.035527,0.015093,0.0055549,0.027873
9,TS,-0.0065723,0.014515,0.02265,0.054812
9,TS,-0.022635,0.034953,0.021025,0.031625
9,TS,-0.030137,0.021448,0.024803,0.038444
9,TS,0.024597,-0.0078749,-0.019131,0.016951
9,JS,0.050649,0.050902,0.024966,0.018574
9,JS,-0.0094732,0.015574,0.011158,0.028024
9,JS,0.04452,0.041906,0.0003009,0.030193
9,JS,0.044363,0.026467,-0.025093,0.039723
9,JS,0.028048,0.0023491,0.016685,0.026087
9,JS,0.055754,0.02431,0.010212,0.019356
9,JS,0.027773,0.036905,0.028479,0.031155
9,JS,0.010012,0.048053,0.011589,0.012107
9,JS,0.01505,0.032579,0.02857,0.019258
9,JS,0.02733,-0.0025013,0.014474,0.032995
10,AB,0.018248,0.081004,0.10058,0.067359
10,AB,0.02136,0.080657,0.12555,0.073695
10,AB,0.010166,0.096163,0.10265,0.046171
10,AB,0.0043958,0.099594,0.10487,0.083353
10,AB,0.0089459,0.087972,0.10153,0.077757
10,AB,0.016353,0.08863,0.093589,0.081978
10,AB,0.013469,0.077881,0.086943,0.059455
10,AB,0.021673,0.099532,0.097952,0.052731
10,AB,0.018855,0.09676,0.11566,0.062705
10,AB,-0.013375,0.10482,0.11365,0.060504
10,EP,-0.01456,0.034302,0.053761,0.051662
10,EP,0.0036463,0.061076,0.04135,0.058049
10,EP,-0.012796,0.053217,0.051817,0.05634
10,EP,-0.019257,0.055838,0.075081,0.05236
10,EP,-0.0089361,0.072453,0.093544,0.041327
10,EP,-0.0038265,0.08477,0.068359,0.04606
10,EP,-0.0046967,0.07973,0.091191,0.055378
10,EP,-0.0045866,0.098269,0.10783,0.056693
10,EP,0.00055856,0.067476,0.049966,0.040369
10,EP,-0.01681,0.071758,0.057726,0.034784
10,TS,-0.022883,0.062604,0.08832,0.043251
10,TS,-0.008085,0.051394,0.081034,0.10073
10,TS,-0.013463,0.11502,0.093354,0.0090042
10,TS,-0.0055139,0.1151,0.094247,0.04548
10,TS,-0.0015523,0.11526,0.10535,0.053036
10,TS,-0.017264,0.078113,0.086224,0.046268
10,TS,-0.0042197,0.047323,0.074528,0.055577
10,TS,0.00071161,0.071682,0.10589,0.034075
10,TS,0.00043389,0.036759,0.11986,0.066816
10,TS,0.010856,0.084638,0.072729,0.066978
10,JS,0.0053477,0.077264,0.11282,0.051882
10,JS,-0.0044202,0.04741,0.063961,0.048997
10,JS,-0.019072,0.055409,0.054166,0.059285
10,JS,-0.03005,0.052896,0.076441,0.066747
10,JS,-0.016017,0.062169,0.064535,0.054837
10,JS,-0.013502,0.034594,0.047696,0.05595
10,JS,-0.0254,0.043538,0.079741,0.058528
10,JS,-0.028567,0.036099,0.07435,0.075497
10,JS,-0.018218,0.09516,0.079844,0.047858
10,JS,-0.015571,0.069095,0.069264,0.064767
11,AB,0.0019268,0.10544,0.10322,0.07871
11,AB,-0.0055484,0.089779,0.10785,0.069766
11,AB,-0.0036564,0.10181,0.10591,0.087248
11,AB,-0.0022173,0.088019,0.10453,0.073086
11,AB,-0.003485,0.078443,0.074119,0.077089
11,AB,0.014892,0.088714,0.10016,0.068707
11,AB,0.00032076,0.11617,0.081423,0.076121
11,AB,0.0027572,0.099407,0.097008,0.048822
11,AB,-0.0025173,0.094476,0.10638,0.069261
11,AB,-0.0033804,0.05522,0.097363,0.064293
11,EP,0.0090996,0.11541,0.069861,0.097456
11,EP,0.032851,0.1204,0.099384,0.076683
11,EP,0.020379,0.1188,0.071535,0.096294
11,EP,0.027074,0.14144,0.094524,0.13995
11,EP,0.051307,0.10763,0.09399,0.092223
11,EP,0.039027,0.1545,0.088897,0.096425
11,EP,0.013572,0.11372,0.12436,0.10345
11,EP,0.012804,0.10735,0.10077,0.095229
11,EP,0.011001,0.11304,0.10004,0.058277
11,EP,0.025405,0.097009,0.076343,0.11768
11,TS,0.047411,0.0026877,0.15594,0.039794
11,TS,0.029573,0.082018,0.12541,0.046481
11,TS,0.0073311,0.03842,0.12196,0.055484
11,TS,0.051602,0.074409,0.12441,0.026103
11,TS,0.018277,0.072378,0.11217,0.043771
11,TS,0.00809,0.052509,0.12474,0.075013
11,TS,0.024614,0.11243,0.081237,0.0098726
11,TS,0.0036472,0.071427,0.12507,0.060442
11,TS,0.02299,0.072132,0.14045,0.045586
11,TS,0.00016364,0.031639,0.10764,0.063065
11,JS,0.010884,0.10146,0.11618,0.090184
11,JS,0.0030994,0.098805,0.11692,0.072935
11,JS,0.021103,0.06446,0.082959,0.061123
11,JS,0.032984,0.13089,0.094022,0.077843
11,JS,0.0053771,0.090833,0.11883,0.085447
11,JS,0.018858,0.10378,0.095313,0.016573
11,JS,-0.0081899,0.10365,0.11745,0.076657
11,JS,0.012449,0.07395,0.10419,0.10024
11,JS,0.015604,0.073414,0.082254,0.0791
11,JS,0.025395,0.082704,0.11778,0.048324
12,AB,0.016273,0.096874,0.10068,0.079627
12,AB,0.0015492,0.095084,0.083692,0.080885
12,AB,0.011961,0.098399,0.091853,0.087018
12,AB,0.013128,0.062591,0.087003,0.078841
12,AB,0.0015583,0.10608,0.092433,0.090218
12,AB,0.0062787,0.086883,0.098745,0.075578
12,AB,0.021205,0.10269,0.089245,0.079572
12,AB,0.0052873,0.083872,0.084323,0.097246
12,AB,0.011085,0.078384,0.08654,0.08202
12,AB,0.019003,0.081081,0.085069,0.086697
12,EP,0.0039377,0.069332,0.05058,0.072665
12,EP,0.01977,0.09773,0.096503,0.096671
12,EP,0.012945,0.090732,0.092196,0.094779
12,EP,0.02393,0.087701,0.10456,0.10703
12,EP,0.0077125,0.078366,0.068212,0.10199
12,EP,0.00115,0.078016,0.069867,0.088436
12,EP,0.0063869,0.077815,0.11511,0.069739
12,EP,0.018963,0.076931,0.10306,0.060371
12,EP,0.014738,0.075055,0.091242,0.036992
12,EP,-0.0026538,0.069841,0.093371,0.079022
12,TS,0.025823,0.094388,0.087754,0.079955
12,TS,0.021476,0.085268,0.088988,0.10305
12,TS,0.02381,0.090567,0.093041,0.102
12,TS,0.013747,0.10164,0.11693,0.1146
12,TS,0.021429,0.099711,0.065104,0.12717
12,TS,0.010937,0.091292,0.10464,0.11404
12,TS,0.022267,0.10051,0.11599,0.10233
12,TS,0.025595,0.09349,0.074035,0.10898
12,TS,0.015829,0.10527,0.066591,0.092791
12,TS,-0.0012104,0.083622,0.08302,0.11413
12,JS,0.027208,0.091791,0.080241,0.092025
12,JS,0.026733,0.11669,0.078028,0.10977
12,JS,0.021891,0.090766,0.077266,0.11177
12,JS,0.021865,0.098639,0.06391,0.11897
12,JS,0.015417,0.091483,0.083891,0.097286
12,JS,0.024087,0.09167,0.067706,0.11481
12,JS,0.024951,0.089686,0.083403,0.10188
12,JS,0.017956,0.10672,0.078416,0.12073
12,JS,0.0075469,0.10413,0.068091,0.10486
12,JS,0.016942,0.08778,0.083204,0.1196
13,AB,0.0011772,0.088211,0.037711,0.076152
13,AB,0.001061,0.078464,0.045862,0.059625
13,AB,-0.0043567,0.092421,0.04154,0.067631
13,AB,0.0013446,0.088423,0.044552,0.090693
13,AB,-0.011105,0.088737,0.04211,0.07847
13,AB,0.0054586,0.085482,0.045833,0.097928
13,AB,-0.001191,0.079479,0.025248,0.071245
13,AB,-0.0025447,0.09208,0.044969,0.062452
13,AB,-0.0021158,0.09062,0.043552,0.075772
13,AB,0.0011259,0.091223,0.041413,0.090196
13,EP,-0.014918,0.07435,0.062798,0.060539
13,EP,-0.005455,0.068999,0.062424,0.053707
13,EP,-0.007603,0.079216,0.050576,0.070248
13,EP,-0.0013552,0.069113,0.047249,0.075633
13,EP,-0.0021295,0.073638,0.064695,0.075992
13,EP,-0.007556,0.083991,0.053091,0.058124
13,EP,0.0025867,0.062612,0.060983,0.058428
13,EP,0.0060026,0.074819,0.049484,0.054037
13,EP,-0.003182,0.06409,0.074738,0.061551
13,EP,0.018138,0.080025,0.059208,0.060129
13,TS,0.0053432,0.053301,0.027049,0.075621
13,TS,0.021027,0.05377,0.013781,0.060425
13,TS,0.028626,0.06101,0.026231,0.078805
13,TS,0.020464,0.062322,0.040287,0.078534
13,TS,0.0049326,0.047156,0.029699,0.068523
13,TS,0.018606,0.042333,0.041488,0.069845
13,TS,0.003091,0.060919,0.018746,0.08474
13,TS,0.0051529,0.063446,0.024143,0.090544
13,TS,0.0067987,0.060142,0.004045,0.079376
13,TS,0.0066865,0.071251,0.026316,0.067201
13,JS,0.023025,0.10197,0.039793,0.083733
13,JS,0.01648,0.085404,0.069888,0.09154
13,JS,0.0042998,0.072428,0.094524,0.073753
13,JS,0.003182,0.092996,0.065762,0.086286
13,JS,0.014955,0.089357,0.068791,0.075733
13,JS,0.015942,0.096289,0.074168,0.062166
13,JS,0.020794,0.093104,0.083485,0.083188
13,JS,0.012265,0.099971,0.071693,0.063599
13,JS,0.018758,0.088278,0.065427,0.085402
13,JS,0.016198,0.1064,0.067968,0.079212
14,AB,0.0039168,0.078149,0.084031,0.040559
14,AB,0.016311,0.069369,0.097587,0.050566
14,AB,0.0085714,0.078936,0.097739,0.046247
14,AB,0.0036133,0.081021,0.075216,0.039666
14,AB,0.0087955,0.082394,0.085767,0.03356
14,AB,0.0027845,0.083418,0.089743,0.060548
14,AB,0.0056419,0.074975,0.076261,0.039535
14,AB,0.0040431,0.090014,0.076446,0.055968
14,AB,0.0071096,0.093828,0.088794,0.048336
14,AB,0.0058158,0.08415,0.074306,0.050648
14,EP,0.027049,0.070024,0.11546,0.052316
14,EP,0.02974,0.050231,0.1074,0.055225
14,EP,0.022423,0.063073,0.082195,0.04237
14,EP,0.022889,0.076237,0.096891,0.046899
14,EP,-0.011635,0.070227,0.092276,0.045806
14,EP,0.012319,0.05298,0.086856,0.0094364
14,EP,-0.0043324,0.068265,0.080088,0.043352
14,EP,0.031934,0.07757,0.067577,0.051141
14,EP,0.019549,0.06149,0.09067,0.050951
14,EP,0.0015043,0.071456,0.071294,0.047975
14,TS,0.028494,0.090824,0.068554,0.051038
14,TS,0.039248,0.079151,0.067996,0.055072
14,TS,0.027417,0.069732,0.082793,0.02556
14,TS,0.037875,0.093447,0.090182,0.040255
14,TS,0.01303,0.067583,0.06913,0.047884
14,TS,0.027474,0.064122,0.066363,0.048553
14,TS,0.0087542,0.059089,0.092136,0.019851
14,TS,0.020939,0.078233,0.081712,0.036064
14,TS,0.0063174,0.081169,0.081242,0.022439
14,TS,-0.0041123,0.090981,0.074956,0.033998
14,JS,0.0020913,0.015982,0.08192,0.062809
14,JS,-0.0020642,0.066853,0.073452,0.073882
14,JS,0.006962,0.074925,0.11122,0.055715
14,JS,0.020581,0.063088,0.094325,0.068862
14,JS,0.0098794,0.073093,0.084225,0.064295
14,JS,0.005736,0.060474,0.069575,0.083143
14,JS,0.011736,0.066341,0.05691,0.061116
14,JS,-0.0037768,0.056762,0.082956,0.076263
14,JS,-0.0069635,0.06957,0.086677,0.072741
14,JS,0.034515,0.080576,0.068985,0.061292
15,AB,0.0076994,0.1122,0.090195,0.088725
15,AB,0.010723,0.091769,0.090571,0.086571
15,AB,0.015802,0.082292,0.08307,0.089193
15,AB,0.010753,0.095773,0.084447,0.096406
15,AB,0.0020065,0.08876,0.09594,0.091134
15,AB,0.0079022,0.11719,0.077376,0.083477
15,AB,0.007047,0.10558,0.078347,0.1004
15,AB,0.0058375,0.080806,0.069363,0.077219
15,AB,0.0078617,0.10456,0.067127,0.084608
15,AB,0.0089787,0.096099,0.085988,0.095243
15,EP,0.064733,0.024291,0.095676,0.075267
15,EP,0.009641,0.091879,0.052615,0.066813
15,EP,0.057731,0.032666,0.052194,0.082527
15,EP,0.0065536,0.10165,0.048433,0.084151
15,EP,0.046528,0.037273,0.047561,0.052483
15,EP,-0.0018492,0.052927,0.074124,0.077195
15,EP,-0.0069596,0.061354,0.057117,0.072996
15,EP,-0.0049614,0.092864,0.036074,0.065286
15,EP,0.0071013,0.082064,0.083836,0.046856
15,EP,0.010743,0.062042,0.061267,0.071035
15,TS,-0.0026556,0.047927,0.027644,0.06785
15,TS,-0.011785,0.034208,0.091228,0.079627
15,TS,-0.021112,0.047756,0.036983,0.067381
15,TS,-0.0028647,0.068015,0.058329,0.060117
15,TS,0.0047865,0.011588,0.072681,0.076044
15,TS,0.0067526,0.0771,0.031848,0.076385
15,TS,0.016391,0.044175,0.007337,0.069216
15,TS,0.010161,0.016214,0.048267,0.074556
15,TS,0.0073691,0.014814,0.061719,0.05538
15,TS,0.012896,0.015995,0.048113,0.078192
15,JS,0.0036064,0.08649,0.090504,0.075948
15,JS,0.0017798,0.042486,0.023521,0.060631
15,JS,0.011134,0.03101,0.045842,0.070591
15,JS,0.061591,0.1096,0.073111,0.051384
15,JS,-0.0017223,0.0074198,0.058215,0.047367
15,JS,-0.01194,0.038698,0.032813,0.071752
15,JS,-0.0066577,0.024384,0.071402,0.053038
15,JS,-0.0066987,0.04396,0.051819,0.077413
15,JS,-0.0053028,0.057129,0.067327,0.077128
15,JS,-0.0098983,-0.0011273,0.04814,0.057653
16,AB,-0.0011985,0.064744,0.071957,0.044285
16,AB,-5.8353e-05,0.080097,0.091955,0.057924
16,AB,0.0047631,0.083891,0.075416,0.037323
16,AB,-0.0017038,0.05326,0.076929,0.032738
16,AB,0.0055127,0.079873,0.083557,0.015095
16,AB,0.0016107,0.080565,0.073273,0.063923
16,AB,-0.0013557,0.088843,0.082958,0.042009
16,AB,0.0016487,0.05364,0.062756,0.029032
16,AB,0.00034689,0.092902,0.07873,0.060935
16,AB,7.4382e-05,0.053302,0.081061,0.055248
16,EP,0.066583,-0.0072473,0.049149,0.036651
16,EP,0.037273,-0.0010773,0.1151,0.027071
16,EP,-0.001755,0.004979,0.04741,0.072545
16,EP,0.030451,0.014338,0.059975,0.075756
16,EP,0.020925,-0.019784,0.06574,0.012704
16,EP,-0.0056433,0.010846,0.080133,0.058137
16,EP,0.055801,-0.0018051,0.065786,0.080012
16,EP,0.050084,0.0096113,-0.015416,0.042732
16,EP,0.036445,0.025434,0.075177,0.063201
16,EP,-0.0049002,0.008376,0.040837,0.028937
16,TS,0.037679,0.01263,0.06646,0.023969
16,TS,0.043155,0.003531,0.05465,0.051955
16,TS,0.070904,0.024867,0.030904,0.02601
16,TS,0.057322,0.037537,0.065769,0.033569
16,TS,0.073579,0.0088017,0.027405,0.017839
16,TS,0.043916,-0.0041582,0.053397,0.019658
16,TS,0.046868,-0.0041692,0.055874,0.055662
16,TS,0.090692,0.038087,0.022636,0.068451
16,TS,0.010018,0.017213,0.029784,0.039279
16,TS,0.013139,0.010379,0.044739,0.085372
16,JS,0.00085619,-0.0028431,0.056564,0.046954
16,JS,0.022984,-0.036217,0.078936,0.043642
16,JS,0.048497,-0.013936,0.01706,0.039084
16,JS,-0.014119,-0.0019294,0.0037209,0.094539
16,JS,-0.035945,0.019482,0.044195,0.041774
16,JS,0.013885,-0.069679,0.0096709,0.024831
16,JS,-0.0087445,0.027249,0.019418,0.031324
16,JS,-0.01664,-0.065935,0.074723,0.017293
16,JS,0.045596,0.034959,0.03032,0.045236
16,JS,0.031544,-0.0064944,0.022385,0.02615
