sub_num,case_nm,s_h_close,s_h_mid,s_h_far,s_h_high
1,AB,-1.5053,-1.4325,-1.4412,-1.7579
1,AB,-1.4701,-1.4349,-1.4905,-1.4355
1,AB,-1.5705,-1.4065,-1.4219,-1.4623
1,AB,-1.5266,-1.6926,-1.4366,-1.4775
1,AB,-1.9354,-1.3977,-1.4573,-1.5704
1,AB,-1.5885,-1.4141,-1.4462,-1.5793
1,AB,-1.5687,-1.4009,-1.4663,-1.5078
1,AB,-3.7611,-1.5743,-1.3982,-1.4791
1,AB,-1.5606,-1.4053,-1.4133,-1.4162
1,AB,-1.5264,-1.4011,-1.4736,-1.4728
1,EP,-2.7957,-1.4812,-2.558,-1.7266
1,EP,-2.6439,-1.6489,-2.0113,-2.2395
1,EP,-2.6655,-2.5296,-1.8529,-1.8174
1,EP,-2.6738,-1.7162,-2.4915,-2.9347
1,EP,-2.2937,-1.9053,-1.8169,-1.7234
1,EP,-2.0818,-1.5597,-2.2399,-1.8857
1,EP,-2.2019,-1.5928,-2.2905,-2.0604
1,EP,-2.9947,-1.5491,-1.9292,-2.0837
1,EP,-2.8842,-1.4665,-2.7146,-1.9824
1,EP,-4.9128,-1.5141,-2.1583,-1.9262
1,TS,-3.225,-2.7901,-2.6283,-2.8592
1,TS,-4.3617,-1.6281,-2.7167,-2.2048
1,TS,-3.6518,-1.8185,-2.6214,-2.0719
1,TS,-3.3658,-1.4728,-1.9845,-2.2059
1,TS,-3.1751,-1.774,-2.6172,-3.1429
1,TS,-3.2517,-3.0379,-2.5546,-2.3006
1,TS,-3.8085,-2.6806,-2.4317,-3.2556
1,TS,-3.5092,-2.5427,-2.2263,-2.6295
1,TS,-3.8366,-2.0233,-2.4285,-2.2854
1,TS,-2.6687,-1.8049,-1.9433,-2.4533
1,JS,-2.1664,-2.0938,-2.4085,-2.5043
1,JS,-3.7893,-2.0645,-2.2019,-3.4234
1,JS,-2.203,-2.0054,-2.1124,-2.9295
1,JS,-2.7492,-1.6771,-4.0415,-2.4716
1,JS,-2.7639,-2.5622,-2.8248,-2.1755
1,JS,-4.2884,-2.2345,-1.9068,-3.2411
1,JS,-2.1739,-2.1033,-4.0742,-3.4718
1,JS,-2.2651,-1.8765,-2.4911,-1.9625
1,JS,-2.0915,-1.782,-1.9614,-2.8602
1,JS,-1.9798,-2.0083,-2.7389,-2.0056
2,AB,-1.5719,-1.5309,-1.5483,-1.5587
2,AB,-1.5425,-1.8063,-1.5413,-1.4146
2,AB,-1.3966,-1.6034,-1.5167,-1.5163
2,AB,-1.6688,-1.5351,-1.5354,-1.5229
2,AB,-1.3913,-1.3945,-1.7958,-1.4259
2,AB,-1.4698,-1.4513,-1.5,-1.4835
2,AB,-1.5992,-1.5968,-1.5163,-1.4086
2,AB,-1.4459,-1.528,-1.4547,-1.4038
2,AB,-1.5094,-1.3995,-1.6989,-1.5311
2,AB,-1.5531,-1.4889,-1.4346,-1.5251
2,EP,-4.1246,-1.8494,-2.8918,-2.428
2,EP,-3.8537,-1.7842,-6.2799,-2.1039
2,EP,-2.4735,-1.841,-2.655,-1.6131
2,EP,-3.8591,-1.6109,-3.2104,-1.7567
2,EP,-2.7322,-2.7386,-2.9144,-2.6344
2,EP,-2.4619,-2.8882,-1.7227,-1.7246
2,EP,-3.7278,-1.866,-2.5899,-2.2297
2,EP,-2.6564,-2.1609,-2.0722,-1.7923
2,EP,-3.1709,-1.5525,-2.074,-1.8179
2,EP,-1.7348,-1.7303,-1.7749,-1.8585
2,TS,-6.3698,-1.4858,-1.7401,-1.691
2,TS,-2.6048,-1.7721,-1.6704,-1.534
2,TS,-4.1487,-1.6647,-1.9639,-2.4608
2,TS,-2.232,-1.8671,-2.4391,-1.6861
2,TS,-2.4723,-1.7077,-1.9343,-1.4906
2,TS,-2.7917,-1.6873,-2.4064,-1.8629
2,TS,-3.1222,-1.7069,-1.9623,-1.4636
2,TS,-2.4711,-1.6032,-1.6941,-1.9631
2,TS,-3.933,-1.6521,-1.788,-1.7219
2,TS,-2.8475,-1.7629,-2.1758,-1.5181
2,JS,-2.7655,-1.5988,-1.6172,-1.9296
2,JS,-2.6928,-1.6519,-1.9856,-1.6514
2,JS,-3.1842,-1.6154,-1.421,-1.6126
2,JS,-7.6546,-1.5695,-1.6639,-1.458
2,JS,-6.8797,-1.5567,-1.4852,-2.7673
2,JS,-3.7523,-1.6098,-1.4532,-1.5947
2,JS,-3.1927,-1.7063,-1.6095,-2.859
2,JS,-3.2014,-1.5329,-1.7289,-2.4802
2,JS,-3.4701,-1.5579,-1.593,-1.7749
2,JS,-5.4566,-1.6058,-1.4988,-1.4898
3,AB,-1.3936,-1.4294,-1.4055,-1.4207
3,AB,-1.5299,-1.4448,-1.5382,-1.6017
3,AB,-1.422,-1.4075,-1.4841,-1.3998
3,AB,-1.4027,-2.2184,-1.473,-1.5872
3,AB,-1.4244,-1.4489,-1.5119,-1.925
3,AB,-1.4497,-1.4851,-1.8045,-1.4703
3,AB,-1.4972,-1.5583,-1.5222,-1.4325
3,AB,-1.4018,-1.4703,-1.5353,-1.5852
3,AB,-1.4106,-1.5023,-1.4266,-1.4776
3,AB,-1.5189,-1.472,-1.4776,-1.5439
3,EP,-1.8849,-1.4756,-3.4839,-1.7517
3,EP,-1.9178,-1.4133,-2.4246,-1.801
3,EP,-2.3081,-2.4392,-2.0046,-1.8842
3,EP,-1.9132,-1.4971,-2.49,-1.7819
3,EP,-2.6566,-1.8675,-2.061,-1.9452
3,EP,-1.3982,-1.4847,-2.1063,-1.7006
3,EP,-1.6674,-1.9037,-3.4085,-1.6352
3,EP,-1.7689,-1.7846,-2.0858,-1.85
3,EP,-1.6234,-1.4495,-1.9752,-1.7839
3,EP,-1.6772,-1.4602,-1.7952,-1.7506
3,TS,-2.2456,-1.9842,-2.5176,-1.6439
3,TS,-1.5689,-1.4664,-1.84,-2.2851
3,TS,-1.7621,-1.6836,-2.0679,-1.7013
3,TS,-1.9601,-1.6444,-2.1912,-1.9784
3,TS,-2.0625,-1.9965,-1.9524,-1.6394
3,TS,-1.9021,-1.4691,-1.9746,-1.9915
3,TS,-1.4966,-2.1357,-2.0225,-2.4657
3,TS,-2.1243,-2.0989,-1.7305,-1.838
3,TS,-2.1985,-1.5652,-1.8207,-2.264
3,TS,-1.7576,-1.4339,-1.9752,-2.1616
3,JS,-1.8503,-1.5482,-2.1745,-2.2937
3,JS,-2.3451,-1.4356,-1.8052,-1.6421
3,JS,-1.7335,-1.436,-1.907,-2.2871
3,JS,-1.5827,-1.7896,-1.6566,-2.1408
3,JS,-1.4296,-1.4427,-1.8845,-2.3316
3,JS,-1.8052,-1.607,-1.8665,-2.4947
3,JS,-1.9519,-1.4504,-2.0835,-1.8715
3,JS,-2.0229,-1.4373,-2.1799,-2.3668
3,JS,-1.8199,-1.5851,-2.4347,-2.1656
3,JS,-1.907,-1.5829,-1.7338,-2.2251
4,AB,-1.5316,-1.3951,-1.8137,-1.4631
4,AB,-1.4076,-1.4269,-1.4112,-1.4397
4,AB,-1.5357,-1.4029,-1.4052,-1.4073
4,AB,-1.5251,-1.5196,-1.4017,-1.5183
4,AB,-1.3945,-1.3974,-1.4064,-1.5426
4,AB,-1.4433,-1.4176,-1.4104,-1.5469
4,AB,-1.3998,-1.4364,-1.3965,-1.6138
4,AB,-1.5672,-1.4026,-1.4012,-1.4081
4,AB,-1.5223,-1.4048,-1.4085,-1.466
4,AB,-1.4238,-1.3947,-1.4261,-1.4352
4,EP,-2.7323,-2.0354,-2.04,-1.9732
4,EP,-2.4656,-2.0724,-3.7853,-1.8455
4,EP,-2.3827,-1.9264,-2.6608,-2.2658
4,EP,-2.5424,-3.4361,-5.296,-3.9914
4,EP,-2.0294,-3.8199,-2.1931,-3.053
4,EP,-1.8667,-1.9832,-4.9221,-2.7542
4,EP,-2.1921,-6.4274,-4.9015,-2.2468
4,EP,-2.0899,-1.9526,-3.8087,-4.5354
4,EP,-2.1832,-2.1031,-2.0825,-3.2312
4,EP,-2.2378,-1.903,-4.9391,-2.4109
4,TS,-2.2967,-3.786,-2.6015,-3.4802
4,TS,-2.4158,-2.7955,-3.1769,-2.0389
4,TS,-3.6234,-2.1042,-3.2741,-3.4909
4,TS,-2.0607,-2.0748,-3.0043,-2.7114
4,TS,-2.0896,-2.7987,-2.2925,-2.6567
4,TS,-2.0995,-2.7716,-2.3054,-2.2321
4,TS,-2.0963,-2.2551,-2.3806,-2.5001
4,TS,-2.1127,-2.6432,-2.686,-2.4762
4,TS,-3.1169,-1.9249,-2.1748,-2.3746
4,TS,-3.3686,-2.4815,-2.3306,-1.6418
4,JS,-2.6335,-1.7851,-2.2363,-2.4077
4,JS,-1.8663,-2.5461,-2.0211,-2.6904
4,JS,-4.7977,-2.389,-2.6209,-2.2557
4,JS,-1.8042,-2.0369,-2.4698,-2.2608
4,JS,-2.8955,-2.4118,-2.4742,-3.105
4,JS,-2.0751,-1.8844,-2.4385,-1.9355
4,JS,-1.9764,-1.9633,-2.0684,-2.5439
4,JS,-1.8175,-1.9732,-2.1575,-2.1473
4,JS,-6.9736,-3.0105,-2.2517,-2.8277
4,JS,-2.7703,-2.132,-2.3292,-2.1308
5,AB,-1.9073,-1.653,-1.4259,-1.3954
5,AB,-1.616,-1.4556,-1.4128,-1.3995
5,AB,-1.3985,-1.7085,-1.4338,-1.4775
5,AB,-1.5139,-1.4477,-1.4083,-1.4087
5,AB,-1.6544,-1.4786,-1.4285,-1.4603
5,AB,-1.6416,-1.4783,-1.4214,-1.4683
5,AB,-1.541,-1.4949,-1.3969,-1.3975
5,AB,-1.5068,-1.4825,-1.4067,-1.4344
5,AB,-1.4023,-1.4533,-1.4068,-1.4288
5,AB,-1.5238,-1.392,-1.4063,-1.4889
5,EP,-1.7677,-1.4533,-2.0569,-2.0652
5,EP,-1.6734,-1.417,-2.6306,-2.4124
5,EP,-1.6469,-1.8716,-2.5809,-1.4362
5,EP,-1.6528,-1.4383,-2.1219,-1.4718
5,EP,-1.9821,-1.4381,-1.6404,-2.345
5,EP,-1.8094,-1.4682,-1.8658,-1.6269
5,EP,-1.8517,-1.487,-1.8605,-1.5149
5,EP,-1.5419,-2.2103,-2.0478,-1.7823
5,EP,-1.5957,-1.4366,-1.8427,-2.5667
5,EP,-1.7165,-1.4523,-3.2594,-1.6113
5,TS,-1.9011,-1.6247,-2.9134,-4.0764
5,TS,-1.853,-1.6729,-2.0709,-1.6335
5,TS,-2.4994,-1.7928,-2.0551,-1.5127
5,TS,-1.8217,-1.8955,-2.8048,-2.0673
5,TS,-3.0211,-2.0287,-2.6634,-1.4564
5,TS,-3.5863,-1.903,-2.7906,-1.8211
5,TS,-2.2616,-1.5684,-2.0599,-1.4128
5,TS,-1.6162,-1.8958,-2.4909,-1.9003
5,TS,-2.046,-1.6111,-2.0973,-1.5581
5,TS,-3.6777,-1.7371,-2.2113,-1.4738
5,JS,-1.9403,-1.5312,-2.1638,-2.2049
5,JS,-2.03,-1.9322,-1.7987,-2.3456
5,JS,-2.4575,-1.6323,-1.5226,-1.8314
5,JS,-2.0864,-1.4253,-1.8909,-1.5943
5,JS,-2.3726,-1.8389,-1.7862,-2.368
5,JS,-3.131,-1.737,-1.9205,-1.7952
5,JS,-2.6168,-1.5086,-1.6875,-1.7984
5,JS,-1.6587,-2.9935,-2.5493,-2.1765
5,JS,-2.7001,-1.4765,-1.5102,-1.7245
5,JS,-1.8372,-1.5806,-1.9564,-2.8985
6,AB,-1.5249,-1.4036,-1.5827,-1.4617
6,AB,-1.5317,-1.6101,-1.4092,-1.4837
6,AB,-1.5363,-1.4775,-1.4528,-1.4551
6,AB,-1.5526,-1.607,-1.4325,-1.3898
6,AB,-1.5262,-1.7239,-1.4245,-1.3974
6,AB,-1.5624,-1.4744,-1.4177,-1.3922
6,AB,-1.5642,-1.4053,-1.4303,-1.4668
6,AB,-1.4717,-1.3964,-1.461,-1.4557
6,AB,-1.3955,-1.4103,-1.4726,-1.4218
6,AB,-1.3918,-1.4528,-1.4027,-1.3988
6,EP,-2.2304,-2.0166,-2.2523,-1.5672
6,EP,-1.6259,-1.631,-1.7476,-2.3064
6,EP,-1.8648,-1.5968,-1.6634,-1.595
6,EP,-1.7691,-1.587,-1.8147,-1.7519
6,EP,-2.3432,-1.7134,-3.196,-1.681
6,EP,-4.4518,-1.6598,-4.3444,-1.7994
6,EP,-7.2673,-1.6541,-2.1179,-1.662
6,EP,-1.6744,-1.7084,-3.5675,-1.507
6,EP,-1.9396,-2.621,-1.9433,-1.654
6,EP,-2.4699,-1.5855,-2.4205,-2.3413
6,TS,-2.1357,-1.6855,-2.1313,-1.6593
6,TS,-1.916,-1.8993,-2.0306,-2.1022
6,TS,-1.852,-1.6143,-1.9558,-1.5116
6,TS,-1.9633,-1.658,-1.7233,-1.7861
6,TS,-2.0332,-1.4218,-2.0246,-1.8687
6,TS,-2.8933,-1.7891,-1.8529,-1.6733
6,TS,-2.0006,-1.6316,-1.7517,-1.5318
6,TS,-2.073,-1.4975,-1.8655,-1.7505
6,TS,-2.0584,-1.8143,-1.6238,-1.472
6,TS,-3.9325,-2.5364,-1.7715,-1.4703
6,JS,-1.8109,-2.1603,-1.5408,-1.6802
6,JS,-1.7375,-1.6219,-1.4919,-1.6267
6,JS,-3.394,-1.7747,-1.7998,-1.5528
6,JS,-1.9121,-1.4912,-1.5548,-1.5628
6,JS,-3.0524,-2.4307,-1.4783,-2.4768
6,JS,-2.9169,-1.6693,-1.5199,-2.428
6,JS,-2.886,-1.7808,-1.5077,-2.0822
6,JS,-2.0914,-1.6363,-1.4418,-2.0603
6,JS,-2.03,-1.7499,-1.5984,-1.6871
6,JS,-2.0781,-1.6244,-1.4756,-2.2453
7,AB,-1.4032,-1.4631,-1.4978,-1.5132
7,AB,-1.4031,-1.7132,-1.5066,-1.4498
7,AB,-1.398,-1.4474,-1.4983,-1.7
7,AB,-1.4058,-1.4147,-1.5976,-1.4587
7,AB,-1.6401,-1.4901,-1.3957,-1.5052
7,AB,-1.4268,-1.4506,-1.3899,-1.4834
7,AB,-1.5114,-1.5274,-1.4813,-1.5012
7,AB,-1.6197,-1.396,-1.4124,-1.3945
7,AB,-1.4482,-1.6108,-1.434,-1.5068
7,AB,-1.4633,-1.409,-1.5292,-1.4066
7,EP,-2.0354,-1.5515,-1.5725,-1.4719
7,EP,-1.5218,-1.5535,-1.8703,-1.4457
7,EP,-1.7903,-1.5688,-2.0316,-1.6052
7,EP,-2.0129,-1.5812,-2.2399,-1.4559
7,EP,-1.8575,-1.7137,-2.2763,-1.5421
7,EP,-1.8979,-1.5632,-1.7068,-1.7922
7,EP,-1.9753,-1.6136,-1.748,-1.7321
7,EP,-1.7889,-1.5266,-2.8246,-1.5364
7,EP,-1.7331,-1.4063,-1.7534,-1.4454
7,EP,-1.5566,-1.4805,-2.4793,-1.5227
7,TS,-1.8899,-1.7363,-2.2062,-2.6936
7,TS,-1.8342,-1.9169,-1.9719,-1.7623
7,TS,-1.8602,-1.5731,-1.635,-1.7696
7,TS,-3.8071,-1.9536,-1.7418,-2.1029
7,TS,-2.1709,-1.7379,-2.1434,-2.3791
7,TS,-2.1938,-2.4513,-1.9002,-2.2763
7,TS,-1.9154,-1.8931,-1.6778,-2.2505
7,TS,-2.059,-1.6443,-1.7012,-2.1933
7,TS,-2.1503,-1.5761,-1.6349,-2.457
7,TS,-2.0556,-2.1949,-1.7189,-1.7315
7,JS,-1.8671,-1.749,-1.6972,-1.7699
7,JS,-2.2026,-1.5724,-1.9616,-1.5187
7,JS,-1.9945,-1.6996,-1.638,-1.5176
7,JS,-2.0447,-1.9113,-1.8787,-1.7655
7,JS,-2.2158,-1.6001,-2.1682,-1.6768
7,JS,-1.6377,-1.7947,-1.5648,-1.9324
7,JS,-1.6362,-1.8152,-1.7142,-1.4937
7,JS,-1.7331,-1.4582,-1.6302,-1.6583
7,JS,-1.5811,-1.982,-2.159,-1.5957
7,JS,-1.8808,-1.6947,-2.708,-1.5398
8,AB,-1.5376,-1.4528,-1.5547,-1.5767
8,AB,-1.7573,-2.5771,-1.5091,-1.6555
8,AB,-1.6329,-1.8742,-1.5348,-1.6175
8,AB,-1.5601,-1.759,-1.497,-1.4159
8,AB,-1.7897,-1.858,-1.5271,-1.6509
8,AB,-1.6075,-1.7149,-1.3971,-1.6784
8,AB,-1.5391,-1.5598,-1.3924,-1.5056
8,AB,-1.8464,-1.5028,-1.5542,-1.6976
8,AB,-1.6938,-1.6627,-1.5814,-1.5434
8,AB,-1.6488,-1.4228,-1.4346,-1.5166
8,EP,-2.0855,-1.526,-2.1303,-1.8772
8,EP,-2.7517,-1.6284,-1.9116,-2.0484
8,EP,-1.9659,-1.5525,-1.747,-2.417
8,EP,-2.5575,-1.6513,-2.2724,-2.0621
8,EP,-2.6101,-1.5385,-2.0108,-3.3919
8,EP,-1.9754,-1.5236,-1.7736,-1.7277
8,EP,-1.8713,-1.602,-4.8153,-1.5274
8,EP,-2.2576,-1.9232,-1.658,-3.1584
8,EP,-3.3846,-1.4242,-1.559,-1.7454
8,EP,-2.063,-1.7594,-1.9326,-1.8471
8,TS,-1.8426,-2.3325,-2.6607,-1.4988
8,TS,-1.9715,-2.1173,-2.342,-2.2432
8,TS,-2.0137,-2.4119,-2.9214,-2.0346
8,TS,-2.132,-1.5657,-2.5946,-1.6744
8,TS,-2.296,-1.8862,-2.3512,-2.5653
8,TS,-2.2339,-2.2268,-2.8712,-1.8809
8,TS,-2.6086,-1.6032,-2.6748,-1.7413
8,TS,-2.1219,-1.5606,-2.1794,-1.6742
8,TS,-1.8933,-1.9242,-2.496,-1.9094
8,TS,-2.1164,-2.3066,-2.6249,-2.2915
8,JS,-2.1033,-2.2136,-1.9131,-1.6886
8,JS,-1.898,-1.6147,-1.8965,-1.9731
8,JS,-1.9826,-1.9151,-2.2632,-3.4379
8,JS,-1.9104,-2.124,-2.3603,-2.2101
8,JS,-2.1303,-1.5654,-2.3564,-1.9124
8,JS,-1.7732,-1.9151,-2.4438,-2.181
8,JS,-3.1877,-1.8964,-2.2877,-1.8116
8,JS,-2.1035,-1.8476,-2.1533,-2.4362
8,JS,-1.7776,-1.6685,-2.5064,-1.9394
8,JS,-2.0179,-1.9055,-2.2517,-2.254
9,AB,-1.4103,-1.3947,-1.4948,-1.4306
9,AB,-1.6242,-1.5034,-1.906,-1.5576
9,AB,-1.7803,-1.5154,-1.5572,-1.4668
9,AB,-1.592,-1.4795,-1.4384,-1.4618
9,AB,-1.4024,-1.4115,-1.5201,-1.4821
9,AB,-1.5062,-1.4812,-1.5003,-1.4576
9,AB,-1.656,-1.3913,-1.8848,-1.4728
9,AB,-1.4089,-1.5637,-1.625,-1.4254
9,AB,-1.8065,-1.6986,-1.5467,-1.4829
9,AB,-1.3933,-1.7223,-1.5076,-1.4728
9,EP,-3.8488,-4.3174,-3.0219,-4.4848
9,EP,-2.7342,-3.3032,-4.2795,-2.6702
9,EP,-2.3323,-2.4863,-3.245,-2.0986
9,EP,-2.8391,-4.2039,-2.9557,-1.9587
9,EP,-2.982,-2.3053,-11.5529,-3.1578
9,EP,-2.5732,-2.0561,-2.1128,-2.3031
9,EP,-5.1542,-3.0641,-2.8252,-1.9377
9,EP,-2.2415,-2.5496,-5.9483,-3.7591
9,EP,-2.9175,-2.5619,-4.2974,-1.9072
9,EP,-2.5848,-10.9978,-3.6775,-3.137
9,TS,-1.9049,-1.8991,-1.8507,-1.7363
9,TS,-1.9098,-2.032,-2.0135,-1.8793
9,TS,-2.0209,-2.2263,-1.9418,-1.5997
9,TS,-2.6032,-1.6938,-2.2861,-1.681
9,TS,-2.09,-2.7694,-2.3834,-1.5133
9,TS,-2.455,-1.78,-2.1527,-1.5819
9,TS,-2.5298,-1.7406,-2.5505,-1.7014
9,TS,-3.145,-2.0381,-2.5122,-1.585
9,TS,-4.0414,-2.1319,-3.1322,-1.9704
9,TS,-2.9869,-2.003,-2.8658,-2.1871
9,JS,-2.924,-2.0396,-2.7159,-1.6948
9,JS,-4.7558,-2.2396,-2.2387,-1.6731
9,JS,-2.0906,-1.8916,-2.8665,-2.5126
9,JS,-5.078,-2.1004,-2.6183,-3.586
9,JS,-3.5776,-1.7497,-2.8773,-1.714
9,JS,-3.4796,-2.0938,-2.3121,-2.0416
9,JS,-4.6797,-1.9677,-2.6481,-1.7429
9,JS,-3.0283,-2.4223,-2.75,-1.6833
9,JS,-2.9629,-2.6199,-3.0704,-2.105
9,JS,-2.4545,-2.6902,-2.5477,-2.1883
10,AB,-1.5283,-1.3999,-1.4142,-1.7322
10,AB,-1.6188,-1.4685,-1.4048,-1.4025
10,AB,-1.8772,-1.3991,-1.5064,-1.4744
10,AB,-1.6052,-1.5438,-1.5367,-1.5113
10,AB,-1.5683,-1.4745,-1.4379,-1.4694
10,AB,-1.6533,-1.4017,-1.4028,-1.6014
10,AB,-1.4807,-1.4098,-1.4659,-1.4847
10,AB,-1.9602,-1.3957,-1.4112,-1.8613
10,AB,-1.6339,-1.4016,-1.541,-1.5006
10,AB,-1.5102,-1.49,-1.4033,-1.4254
10,EP,-1.8505,-4.1092,-3.0781,-4.1393
10,EP,-2.145,-5.2524,-3.032,-4.1762
10,EP,-1.6125,-1.9261,-3.4166,-3.6485
10,EP,-1.7541,-1.9689,-3.383,-1.9369
10,EP,-1.6727,-1.4203,-2.7777,-1.5953
10,EP,-1.9065,-1.5122,-2.4477,-1.7762
10,EP,-1.8099,-1.6384,-1.9915,-1.8989
10,EP,-1.9122,-1.4794,-2.5977,-1.5799
10,EP,-4.368,-1.5136,-2.6845,-1.52
10,EP,-1.8018,-1.5933,-2.856,-1.7222
10,TS,-1.7721,-2.9109,-2.4682,-2.3317
10,TS,-1.8047,-2.8464,-1.8849,-2.2788
10,TS,-2.2091,-1.5446,-3.7823,-3.178
10,TS,-3.4678,-1.4167,-2.1707,-2.797
10,TS,-1.8615,-1.7009,-1.9976,-3.4662
10,TS,-2.1007,-1.7165,-3.1522,-1.9425
10,TS,-3.0943,-2.5706,-3.2247,-2.7089
10,TS,-1.9993,-1.6109,-2.4367,-2.606
10,TS,-1.5719,-1.592,-2.4945,-1.9949
10,TS,-2.3494,-1.4683,-2.7459,-2.8074
10,JS,-1.7751,-1.4227,-2.5072,-1.8486
10,JS,-2.1439,-1.5261,-2.3093,-1.5766
10,JS,-2.306,-1.6746,-2.0855,-2.9512
10,JS,-2.2253,-1.6587,-2.038,-2.1093
10,JS,-2.1949,-1.8211,-1.8067,-1.9211
10,JS,-2.0183,-2.4954,-2.121,-1.7961
10,JS,-2.1015,-2.0698,-2.0452,-2.7986
10,JS,-2.006,-2.0868,-2.2167,-2.0716
10,JS,-2.2041,-1.4409,-1.991,-2.4158
10,JS,-2.1249,-2.404,-2.1787,-1.6078
11,AB,-1.7949,-1.3904,-1.5235,-1.5556
11,AB,-1.4722,-1.4107,-1.41,-1.4228
11,AB,-1.4115,-1.3994,-1.4507,-1.4788
11,AB,-1.3914,-1.4669,-1.3994,-1.3998
11,AB,-1.3952,-1.4478,-1.4579,-1.3989
11,AB,-3.5319,-1.4389,-1.5073,-1.4348
11,AB,-2.4537,-1.4439,-2.1471,-1.4024
11,AB,-1.4008,-1.4008,-1.5459,-1.6592
11,AB,-1.463,-1.4333,-1.5707,-1.3982
11,AB,-1.4302,-1.4792,-1.5211,-1.4032
11,EP,-2.935,-2.84,-2.3581,-1.879
11,EP,-1.9782,-3.0867,-2.3546,-1.6443
11,EP,-1.8648,-2.234,-3.1814,-1.7436
11,EP,-6.8017,-2.709,-2.2031,-2.2331
11,EP,-1.8824,-2.3384,-2.9269,-2.0012
11,EP,-3.1652,-1.6022,-2.6156,-2.9116
11,EP,-1.8144,-3.359,-2.6588,-3.07
11,EP,-1.6825,-2.2389,-3.3274,-2.548
11,EP,-1.8414,-1.7366,-3.3816,-2.2744
11,EP,-1.6328,-2.5531,-2.6108,-1.7852
11,TS,-1.7941,-2.4038,-1.734,-1.6859
11,TS,-2.0791,-1.426,-1.7292,-1.5249
11,TS,-1.6149,-2.1366,-1.707,-1.5866
11,TS,-1.81,-1.6718,-1.8251,-1.5357
11,TS,-1.5913,-1.4845,-1.902,-1.7346
11,TS,-1.6307,-1.9719,-2.0798,-1.5555
11,TS,-1.8383,-1.4424,-3.8701,-1.5841
11,TS,-4.0645,-1.4474,-2.0806,-1.472
11,TS,-1.5985,-1.8994,-1.9577,-1.439
11,TS,-1.7279,-2.2996,-1.6653,-1.4947
11,JS,-1.7917,-1.6492,-1.7181,-2.1641
11,JS,-1.5897,-1.5045,-1.4749,-1.721
11,JS,-1.7406,-1.7517,-1.4397,-2.173
11,JS,-1.6254,-1.8509,-1.9928,-1.6128
11,JS,-2.536,-1.789,-1.5089,-1.5376
11,JS,-1.6862,-1.5456,-2.6663,-1.7159
11,JS,-1.9566,-1.4413,-1.5098,-1.8194
11,JS,-1.7059,-1.8668,-1.9261,-1.5528
11,JS,-1.7676,-1.4294,-2.3514,-1.587
11,JS,-1.7112,-1.43,-1.7292,-2.4299
12,AB,-1.5168,-1.3922,-1.4509,-1.5835
12,AB,-1.5303,-1.833,-1.5524,-1.4401
12,AB,-1.4153,-1.5762,-1.4292,-1.5917
12,AB,-1.6414,-2.0995,-1.7284,-1.5383
12,AB,-1.3988,-1.4049,-1.4105,-1.5415
12,AB,-1.4005,-1.4803,-1.5176,-1.4145
12,AB,-1.5636,-1.399,-1.4045,-1.626
12,AB,-1.4043,-1.5733,-1.5628,-1.5624
12,AB,-1.4075,-1.4614,-1.5403,-1.5729
12,AB,-1.3932,-1.6371,-1.6347,-1.5072
12,EP,-2.2306,-1.4971,-2.9362,-1.575
12,EP,-1.7893,-3.9005,-1.9521,-1.611
12,EP,-1.954,-1.696,-4.0968,-1.8726
12,EP,-1.6496,-1.4844,-2.846,-1.7517
12,EP,-1.4256,-1.5162,-3.4617,-1.5467
12,EP,-1.9933,-1.5304,-4.1283,-1.658
12,EP,-1.5801,-1.4291,-1.8885,-1.74
12,EP,-1.9132,-1.437,-3.1841,-1.8084
12,EP,-1.9841,-1.4996,-2.1649,-2.2258
12,EP,-1.5159,-1.5155,-2.6688,-1.615
12,TS,-1.4463,-2.3028,-4.3502,-1.7667
12,TS,-1.8072,-1.6117,-3.2473,-1.6827
12,TS,-1.7951,-3.0574,-2.1014,-1.5781
12,TS,-1.8358,-1.8629,-2.7285,-1.9446
12,TS,-1.7313,-1.6723,-2.5225,-2.3454
12,TS,-1.8191,-1.7513,-1.9619,-1.6636
12,TS,-1.6905,-1.6368,-2.2228,-1.7898
12,TS,-1.824,-1.8124,-2.326,-1.6183
12,TS,-1.8333,-1.5416,-1.9891,-4.35
12,TS,-1.6795,-1.6467,-2.0431,-1.9278
12,JS,-1.7626,-1.772,-1.654,-2.4101
12,JS,-1.8362,-1.5405,-1.6108,-1.5638
12,JS,-1.7421,-2.0705,-1.6144,-1.403
12,JS,-1.9014,-1.7517,-1.8405,-1.4467
12,JS,-1.6912,-1.5363,-2.136,-1.7376
12,JS,-1.8426,-1.5177,-1.6645,-1.6199
12,JS,-1.6636,-1.5004,-1.5827,-1.4539
12,JS,-1.5519,-1.7186,-1.7981,-1.5005
12,JS,-1.8718,-1.4891,-1.6326,-2.4343
12,JS,-1.8708,-1.5984,-1.9892,-1.403
13,AB,-1.4577,-1.4217,-1.5335,-1.4994
13,AB,-1.7345,-1.5892,-1.4119,-1.4547
13,AB,-1.7781,-1.4015,-1.5003,-1.4863
13,AB,-1.5112,-1.4531,-1.4524,-1.5143
13,AB,-1.4155,-2.6522,-1.5178,-1.5392
13,AB,-1.5099,-1.4007,-1.421,-1.5135
13,AB,-1.5191,-1.4668,-1.4174,-1.5031
13,AB,-1.4093,-1.4108,-1.4778,-1.4747
13,AB,-1.751,-1.4904,-1.4828,-1.4677
13,AB,-1.5079,-1.4827,-1.4128,-1.469
13,EP,-2.2702,-1.4665,-1.5338,-1.4341
13,EP,-1.908,-1.5726,-1.5616,-1.4766
13,EP,-1.8053,-1.4599,-1.7153,-1.49
13,EP,-1.9128,-1.5803,-1.5943,-1.4704
13,EP,-1.4832,-1.5352,-1.7903,-2.4045
13,EP,-1.6028,-1.452,-1.6576,-1.5086
13,EP,-1.5688,-1.5186,-1.6837,-1.554
13,EP,-1.8659,-1.5034,-1.6509,-1.5073
13,EP,-1.9856,-1.4866,-1.5517,-1.4951
13,EP,-1.6931,-1.5149,-1.59,-1.6584
13,TS,-2.7658,-2.0414,-1.7692,-4.0976
13,TS,-2.8839,-1.7522,-2.2547,-1.655
13,TS,-2.365,-1.8012,-2.7162,-1.7848
13,TS,-1.8771,-2.5616,-1.6476,-2.0048
13,TS,-1.8469,-2.1804,-1.6694,-1.9251
13,TS,-2.1634,-1.6605,-1.9984,-2.0574
13,TS,-2.0434,-1.8781,-1.7258,-1.7523
13,TS,-2.01,-1.8837,-1.6481,-2.013
13,TS,-1.8697,-1.6638,-1.657,-2.2266
13,TS,-3.333,-1.5194,-1.6857,-1.8459
13,JS,-1.9875,-1.6785,-2.334,-1.8468
13,JS,-2.5762,-1.5479,-1.4125,-1.5756
13,JS,-3.3085,-4.1863,-1.713,-1.5092
13,JS,-2.9929,-1.7029,-1.6544,-1.5673
13,JS,-1.8515,-2.0101,-1.6342,-1.7332
13,JS,-3.3407,-1.5438,-1.5298,-1.6117
13,JS,-1.8591,-1.5211,-2.0094,-1.7378
13,JS,-1.8076,-1.58,-1.6019,-1.5667
13,JS,-2.2379,-1.5178,-1.577,-1.6116
13,JS,-1.8067,-1.5574,-1.6002,-1.6757
14,AB,-1.4092,-1.408,-1.4057,-1.4113
14,AB,-1.4487,-1.3907,-1.4671,-1.7441
14,AB,-1.6556,-1.3949,-1.4803,-1.3957
14,AB,-1.468,-1.401,-1.3937,-1.4009
14,AB,-1.7091,-1.3975,-1.5204,-1.8096
14,AB,-1.4052,-1.3965,-1.6738,-1.5887
14,AB,-1.6372,-1.3906,-1.418,-1.3977
14,AB,-1.4661,-1.6082,-1.5005,-1.443
14,AB,-1.5655,-1.9454,-1.4479,-1.4049
14,AB,-1.3994,-1.3921,-1.3994,-1.3928
14,EP,-1.9278,-1.5036,-1.831,-1.8574
14,EP,-3.7108,-1.5518,-1.6481,-1.5886
14,EP,-1.9032,-1.5018,-1.6237,-2.1104
14,EP,-2.364,-1.8137,-1.8558,-1.478
14,EP,-2.3823,-1.4888,-1.9822,-1.4397
14,EP,-2.6647,-1.8524,-1.4863,-1.6364
14,EP,-2.9172,-1.8691,-1.8868,-1.5331
14,EP,-2.0113,-1.4522,-1.8744,-2.3698
14,EP,-1.9346,-1.7099,-1.5687,-1.9663
14,EP,-2.2535,-1.5975,-1.7805,-2.8648
14,TS,-2.1398,-1.5335,-2.2466,-1.5306
14,TS,-1.7715,-1.5809,-1.9633,-2.0658
14,TS,-2.7627,-2.6193,-1.8638,-2.7828
14,TS,-3.7758,-1.7454,-1.6377,-3.4081
14,TS,-2.1737,-2.3944,-1.8623,-1.9885
14,TS,-1.9147,-1.8893,-2.3045,-1.4844
14,TS,-2.1597,-1.6162,-1.9287,-1.7218
14,TS,-1.9807,-1.6376,-2.3878,-1.5808
14,TS,-2.0083,-1.4383,-2.1361,-1.5446
14,TS,-3.0366,-1.8401,-1.9998,-1.6112
14,JS,-1.8556,-8.3671,-1.617,-1.4613
14,JS,-1.9414,-1.3982,-1.6371,-1.4143
14,JS,-1.8686,-1.4869,-1.6734,-1.5101
14,JS,-1.7442,-1.8024,-1.5516,-1.6683
14,JS,-1.7533,-1.3963,-1.5515,-1.4419
14,JS,-1.734,-1.4178,-1.6708,-1.5494
14,JS,-1.7722,-1.4714,-1.5248,-1.4192
14,JS,-3.2865,-1.3983,-1.626,-1.4234
14,JS,-1.8413,-1.4731,-1.6107,-1.4061
14,JS,-1.8881,-1.4675,-1.5433,-1.4633
15,AB,-1.6744,-2.0063,-1.6102,-1.4677
15,AB,-1.7614,-1.609,-1.4425,-1.5542
15,AB,-1.6977,-1.6002,-1.6746,-1.4023
15,AB,-1.8315,-1.3979,-1.4822,-1.3982
15,AB,-1.7351,-1.9888,-1.4748,-1.4594
15,AB,-1.5919,-1.4032,-1.4658,-1.4956
15,AB,-1.7127,-1.4899,-1.4647,-1.3985
15,AB,-1.6733,-1.8085,-1.4595,-1.5107
15,AB,-1.6758,-1.4137,-1.467,-1.4613
15,AB,-1.5777,-1.5186,-1.6531,-1.4491
15,EP,-2.0807,-2.4873,-1.8151,-2.3932
15,EP,-2.0668,-1.6504,-1.784,-1.6401
15,EP,-2.0441,-1.7242,-1.7775,-1.8477
15,EP,-2.0892,-1.6196,-1.7722,-2.1148
15,EP,-1.8712,-1.6252,-1.7249,-1.8708
15,EP,-1.7935,-1.9208,-1.9385,-1.8327
15,EP,-1.7953,-2.0213,-1.8905,-1.906
15,EP,-1.4919,-1.6889,-1.9184,-1.7728
15,EP,-2.1723,-1.8468,-2.2358,-1.641
15,EP,-1.8407,-1.6353,-2.1595,-2.2678
15,TS,-6.4367,-1.8986,-2.1875,-1.7801
15,TS,-1.6409,-1.7236,-2.2448,-1.4754
15,TS,-1.7784,-1.7954,-2.0963,-2.0926
15,TS,-1.8705,-2.0688,-2.0832,-1.8419
15,TS,-1.8387,-1.7747,-2.2773,-1.8677
15,TS,-1.9156,-2.0718,-1.9299,-1.7551
15,TS,-1.6517,-1.6964,-1.9903,-1.8694
15,TS,-1.7167,-2.1001,-1.9629,-1.7142
15,TS,-2.0225,-2.0883,-2.2247,-1.8224
15,TS,-1.9771,-2.0837,-2.0422,-2.0302
15,JS,-3.6266,-1.6224,-1.7567,-1.6038
15,JS,-1.8533,-1.5699,-1.7833,-1.7138
15,JS,-1.7543,-1.7701,-2.0848,-1.8127
15,JS,-9.8593,-2.8402,-1.7631,-1.5154
15,JS,-1.7754,-1.5551,-1.9936,-1.6341
15,JS,-2.3444,-1.5712,-1.6994,-2.0208
15,JS,-1.7888,-1.7094,-1.9212,-1.5236
15,JS,-1.6356,-1.7314,-2.0532,-1.6476
15,JS,-1.5897,-1.9832,-1.5366,-1.5473
15,JS,-1.748,-1.6404,-1.9063,-1.6282
16,AB,-1.4083,-1.8049,-1.4675,-1.4513
16,AB,-1.5382,-1.4382,-1.472,-1.6809
16,AB,-1.6473,-1.46,-1.4628,-1.487
16,AB,-1.65,-1.6507,-1.4542,-1.4896
16,AB,-1.7296,-1.4523,-1.4832,-1.4094
16,AB,-1.7605,-1.4164,-1.4965,-1.4544
16,AB,-1.7588,-1.4708,-1.4166,-1.4376
16,AB,-1.7302,-1.4046,-1.435,-1.3992
16,AB,-1.6289,-1.3966,-1.8714,-1.4601
16,AB,-2.1496,-1.4793,-1.4214,-1.4142
16,EP,-2.9901,-3.5699,-1.9388,-2.5067
16,EP,-2.1831,-2.0848,-3.2072,-2.8514
16,EP,-2.323,-1.9878,-1.8502,-2.5827
16,EP,-1.9295,-3.7985,-1.8851,-4.4498
16,EP,-2.0672,-1.7244,-3.4651,-3.5174
16,EP,-3.1529,-1.9132,-2.1909,-3.2183
16,EP,-5.3351,-2.0096,-1.9841,-5.0717
16,EP,-2.1806,-1.8513,-2.818,-2.2138
16,EP,-1.7508,-1.9179,-3.1222,-2.262
16,EP,-5.6488,-2.4592,-1.8556,-2.0897
16,TS,-2.2512,-1.8052,-2.7877,-2.7847
16,TS,-1.964,-1.9947,-2.0641,-2.983
16,TS,-2.6879,-2.3881,-4.1466,-2.5933
16,TS,-2.8775,-2.3484,-2.0933,-1.7543
16,TS,-2.1111,-1.7358,-2.1613,-1.8633
16,TS,-1.6357,-2.0514,-1.6875,-4.6853
16,TS,-1.8452,-1.8931,-2.0798,-2.7558
16,TS,-2.9903,-4.5325,-2.021,-4.8677
16,TS,-2.6721,-2.1069,-2.4632,-4.8935
16,TS,-2.6633,-1.8469,-2.2147,-3.2618
16,JS,-4.11,-1.5446,-2.7894,-2.1421
16,JS,-2.6021,-1.7851,-2.2128,-5.9685
16,JS,-1.6783,-2.3122,-2.9361,-2.3004
16,JS,-1.8536,-2.1286,-3.5005,-2.4763
16,JS,-3.4622,-2.4647,-2.4954,-2.9022
16,JS,-2.0321,-2.3429,-2.6536,-1.8321
16,JS,-2.1542,-3.1231,-2.1151,-2.9906
16,JS,-1.8101,-2.8787,-1.9948,-3.1913
16,JS,-2.8816,-3.761,-2.4514,-3.8618
16,JS,-2.3717,-1.6965,-2.1997,-2.8647
