loc,t,aDotUA,bDotUA,gDotUA,aUA,bUA,gUA,xUA,yUA,zUA,qE,qDotE,aDotSH,bDotSH,gDotSH,aSH,bSH,gSH,xSH,ySH,zSH,aDotUB,bDotUB,gDotUB,aUB,bUB,gUB,xUB,yUB,zUB,xHand,yHand,zHand,aHand,bHand,gHand,enable
1,0,-0.02537471,2.111523,0.521863,4.707094,-2.214426,-2.984725,0.682096,1.219166,-0.04407403,-1.560639,-0.1912831,0.7092143,-0.5830158,-0.03983852,-0.9597542,-1.916779,0.4329759,0.687669,1.407058,-0.03465608,0.4667026,-0.5953064,0.1926795,-0.7263873,-0.1398439,0.2691135,0.7131493,1.517158,0.1430998,0.4991437,1.021743,0.1209809,66.50307,112.7666,170.796,False
1,0.01111111,-0.02274406,1.998621,0.5645419,4.696962,-2.231581,-2.984954,0.6794045,1.218113,-0.04263809,-1.561749,-0.09479053,0.6722159,-0.6749582,-0.1013247,-0.9669437,-1.926985,0.4326513,0.6849904,1.406377,-0.03437883,0.4954718,-0.6018376,0.1944019,-0.7260267,-0.1508281,0.2707766,0.712425,1.517209,0.1429438,0.5002472,1.021931,0.1252751,66.78387,113.331,170.3619,False
1,0.02222222,0.02216589,1.741915,0.5631945,4.689054,-2.241512,-2.986907,0.6774471,1.217191,-0.04112536,-1.561836,-0.005249748,0.6472266,-0.8349209,-0.1253209,-0.9750344,-1.941516,0.434478,0.6823006,1.405531,-0.03404814,0.5127255,-0.6031057,0.2112211,-0.7250515,-0.1617055,0.27268,0.7116656,1.517212,0.1426996,0.5020168,1.021204,0.1311209,66.71768,112.799,168.7643,False
1,0.03333334,0.04959941,1.601287,0.5268018,4.682573,-2.254194,-2.988647,0.675127,1.216331,-0.03972298,-1.560735,0.1011217,0.6359378,-0.9478595,-0.1153888,-0.9816811,-1.956457,0.4361241,0.679425,1.404734,-0.03371549,0.509803,-0.6011462,0.2325568,-0.7239995,-0.1726694,0.2753661,0.7110484,1.517241,0.1425212,0.5045482,1.019711,0.1381236,66.27976,112.4492,166.9558,False
1,0.04444445,0.08854645,1.374373,0.4636735,4.678563,-2.261839,-2.991064,0.6732008,1.215665,-0.03847429,-1.558464,0.2048798,0.6333462,-1.10117,-0.080834,-0.9888844,-1.975535,0.4397955,0.6769154,1.403949,-0.03324261,0.5006423,-0.5810834,0.2594571,-0.7220746,-0.182741,0.2775637,0.7103989,1.517281,0.1423187,0.5074663,1.017699,0.1458998,65.61897,112.9426,165.5174,False
1,0.05555556,0.1286041,1.145329,0.4048153,4.675037,-2.267562,-2.993755,0.6711564,1.215117,-0.03734842,-1.556891,0.1361026,0.6349016,-1.231074,-0.05809993,-0.9962976,-1.994414,0.4430613,0.6743248,1.403265,-0.03260392,0.491301,-0.5577332,0.2725162,-0.7206647,-0.1921259,0.2794583,0.7098916,1.517248,0.1422077,0.5102945,1.015531,0.1536602,64.88133,113.9304,164.3103,False
1,0.06666667,0.1847408,0.9258808,0.3564588,4.671861,-2.271461,-2.99754,0.6690867,1.214669,-0.03622085,-1.555352,0.1377487,0.6117487,-1.306758,-0.04083994,-1.003591,-2.012196,0.446615,0.6718888,1.402714,-0.03202501,0.4782163,-0.5265184,0.2388357,-0.7204772,-0.1998073,0.2803289,0.7094347,1.517345,0.1421236,0.5126822,1.013553,0.1607245,64.20142,115.105,163.349,False
1,0.07777778,0.2292257,0.7905963,0.3209485,4.668749,-2.275745,-3.001738,0.6671898,1.214326,-0.03516865,-1.554142,0.1051619,0.5830279,-1.314275,-0.024813,-1.009943,-2.02845,0.4496731,0.6700096,1.402354,-0.03152433,0.4563566,-0.489787,0.1840206,-0.7213081,-0.2066447,0.2809606,0.7086351,1.517308,0.1421714,0.5141916,1.012049,0.1664853,63.66214,116.1769,162.6046,False
1,0.08888889,0.3169006,0.6148314,0.2338787,4.668701,-2.277673,-3.00801,0.6653728,1.214166,-0.03422511,-1.552763,0.1214188,0.5124986,-1.248393,0.009120703,-1.014091,-2.041498,0.4531214,0.6685016,1.402311,-0.03103,0.4096154,-0.4148884,0.1713316,-0.7204069,-0.210198,0.2805688,0.7082753,1.517491,0.1422431,0.5143707,1.011202,0.1706679,63.30743,116.7306,161.9725,False
1,0.1,0.395851,0.4592871,0.1277294,4.670742,-2.278038,-3.015005,0.663779,1.21441,-0.03351489,-1.551818,0.07902598,0.4245716,-1.085616,0.04706642,-1.015412,-2.049586,0.4556458,0.6677527,1.402619,-0.03059301,0.3700041,-0.3291615,0.128831,-0.7205113,-0.2117126,0.2788077,0.7080274,1.517602,0.1424522,0.5130685,1.011115,0.1733022,63.17625,116.6286,161.4987,False
1,0.1111111,0.4334577,0.3644525,0.04644485,4.67256,-2.279753,-3.020814,0.6618402,1.214337,-0.03290308,-1.550141,0.1473118,0.3718223,-0.9323395,0.073276,-1.016388,-2.056003,0.4565561,0.6665399,1.402859,-0.03030497,0.3547305,-0.2754748,0.0836678,-0.7210652,-0.214106,0.2770604,0.7073493,1.517308,0.1425212,0.51057,1.011824,0.1746206,63.29767,116.1327,161.3134,False
1,0.1222222,0.4557893,0.2386803,-0.07407734,4.677827,-2.278688,-3.026712,0.6604221,1.214959,-0.03253722,-1.548868,0.1045337,0.3095919,-0.5126607,0.1338771,-1.009404,-2.048981,0.4515927,0.6670306,1.403816,-0.03006807,0.3318065,-0.210953,0.01947907,-0.7229966,-0.2135711,0.2736654,0.7072811,1.51748,0.1428758,0.5069939,1.013283,0.1749914,63.65759,115.7458,161.5366,False
1,0.1333333,0.4541402,0.1715232,-0.1379311,4.681447,-2.278893,-3.031668,0.6589413,1.21538,-0.03227305,-1.54944,-0.06237972,0.3051212,-0.1631995,0.1637647,-1.00328,-2.041832,0.4442872,0.667104,1.404514,-0.02995303,0.2983211,-0.1421952,-0.03814987,-0.7250014,-0.2123682,0.2704965,0.7073715,1.517483,0.1432788,0.5026523,1.015445,0.1746252,64.24749,115.3827,161.9189,False
1,0.1444445,0.4396394,0.08516796,-0.2080603,4.686424,-2.277365,-3.035604,0.6555347,1.215194,-0.03216985,-1.550404,-0.09129126,0.3033254,0.03926753,0.1855338,-0.9976878,-2.035665,0.4376466,0.6673381,1.405362,-0.02984276,0.2702027,-0.09161824,-0.08746818,-0.7273726,-0.2102467,0.2668463,0.7074118,1.517608,0.1436753,0.4980212,1.018146,0.1737516,65.02977,114.9252,162.2759,False
1,0.1555556,0.4190483,0.01694739,-0.2482992,4.690809,-2.27578,-3.039462,0.6545553,1.216204,-0.03229293,-1.552204,-0.1692587,0.2802119,0.2490605,0.2115864,-0.9912546,-2.028707,0.4314404,0.6676397,1.406343,-0.02979392,0.2291856,-0.02384922,-0.1503312,-0.7304747,-0.2061916,0.2627895,0.7077711,1.517906,0.1440422,0.4935254,1.021239,0.1724639,65.87961,114.6866,162.8149,False
1,0.1666667,0.4316933,-0.04058531,-0.2664917,4.694541,-2.273764,-3.044714,0.6536682,1.217672,-0.03251517,-1.554518,-0.2125744,0.2512962,0.2894199,0.2061632,-0.9873254,-2.024648,0.427411,0.6682365,1.407605,-0.02977785,0.1861275,-0.04796353,-0.1776839,-0.73367,-0.2071545,0.2628327,0.7080505,1.517941,0.1444999,0.4891075,1.024426,0.1711847,66.84448,114.4704,163.1897,False
1,0.1777778,0.4876931,-0.1258064,-0.3191953,4.700263,-2.270103,-3.051898,0.6529315,1.219521,-0.03265676,-1.556394,-0.1705613,0.1418377,0.2443106,0.2351769,-0.9840668,-2.027458,0.4294765,0.6722562,1.410751,-0.02989364,0.1399867,-0.04115346,-0.2068583,-0.7365451,-0.2067998,0.2624172,0.7083132,1.517964,0.1451065,0.4844941,1.02735,0.1701376,67.76872,114.4057,163.4825,False
1,0.1888889,0.5401986,-0.205724,-0.4016901,4.708,-2.265714,-3.059699,0.6521583,1.221315,-0.03277692,-1.556771,-0.03534989,0.05770022,0.2622393,0.2884611,-0.9782541,-2.026799,0.4302851,0.6744146,1.412979,-0.02989197,0.08852085,0.0671587,-0.2671595,-0.7400733,-0.1980361,0.2565535,0.7090201,1.51845,0.1458219,0.4808461,1.030084,0.1687921,68.29232,114.2483,163.8665,False
1,0.2,0.6480332,-0.4146065,-0.6092997,-1.560129,-2.255209,-3.070633,0.652313,1.223724,-0.03301746,-1.555631,0.09744997,-0.056602,0.3632392,0.3638927,-0.9691691,-2.022005,0.4322039,0.6760151,1.415151,-0.02996102,0.06736495,0.1639397,-0.3705377,-0.7459605,-0.1882439,0.2492828,0.7095318,1.518739,0.1465782,0.4779775,1.032714,0.1674958,68.47804,114.2608,164.3915,False
1,0.2111111,0.6986206,-0.5509776,-0.6746859,-1.549992,-2.245397,-3.080027,0.6519084,1.225533,-0.03328991,-1.554418,0.09927397,-0.1306874,0.5410671,0.4433486,-0.9575465,-2.013537,0.4305618,0.6779807,1.41747,-0.02985194,0.0615139,0.220901,-0.429673,-0.7510439,-0.1802501,0.2428979,0.7099345,1.519038,0.1471615,0.4753128,1.035378,0.1665821,68.58334,114.8789,165.2522,False
1,0.2222222,0.7775126,-0.7906204,-0.6859542,-1.541175,-2.229155,-3.091376,0.6516261,1.227412,-0.03351495,-1.551733,0.2352075,-0.1611712,0.7403703,0.5226831,-0.9442616,-2.002336,0.4260014,0.6803317,1.419775,-0.02979898,0.05371621,0.3076547,-0.4842904,-0.7565992,-0.1687256,0.23416,0.7105076,1.519332,0.1480342,0.4723942,1.038219,0.1659748,68.78535,116.4234,166.6599,False
1,0.2333333,0.8238344,-0.9471668,-0.6458068,-1.534872,-2.213752,-3.102391,0.651432,1.229149,-0.03378415,-1.551173,0.03199805,-0.1613836,0.8000708,0.5374196,-0.9338518,-1.993239,0.4224405,0.6820254,1.421798,-0.02975658,0.03441006,0.3665578,-0.5134018,-0.7612188,-0.1582538,0.2267849,0.7109213,1.519667,0.14884,0.4687332,1.041452,0.1651315,69.12209,118.7905,168.6662,False
1,0.2444444,0.8833671,-1.170779,-0.5673958,-1.530648,-2.19251,-3.114998,0.6512525,1.231085,-0.03392449,-1.550285,0.07373536,-0.1341856,0.9344231,0.5444541,-0.9217195,-1.978643,0.4142227,0.6844041,1.424085,-0.02964798,0.009745121,0.4383107,-0.5487499,-0.7667619,-0.1455884,0.2184474,0.7115376,1.519951,0.1496677,0.4641186,1.045184,0.1636492,69.62214,120.0409,169.8919,False
1,0.2555556,0.9458678,-1.359259,-0.5092552,-1.526515,-2.171691,-3.128233,0.6510854,1.233014,-0.03405467,-1.550326,-0.01780857,-0.08773947,1.04198,0.4876631,-0.9129849,-1.963914,0.4042258,0.6871588,1.426459,-0.02938101,-0.02285637,0.4958619,-0.5340214,-0.7699358,-0.1334334,0.2107783,0.7120316,1.520172,0.1505838,0.4584969,1.049468,0.1612655,70.24075,120.1686,170.617,False
1,0.2666667,1.037822,-1.501931,-0.4855538,-1.521785,-2.150084,3.13936,0.6509554,1.235189,-0.03378627,-1.550061,0.01436902,-0.08358806,1.061986,0.4162416,-0.9061544,-1.951635,0.3971319,0.6898794,1.428677,-0.02913463,-0.03858489,0.5374202,-0.5271044,-0.7738555,-0.1213085,0.2030804,0.7126071,1.520418,0.1513988,0.4522702,1.054301,0.1579155,70.94924,119.4457,171.0974,False
1,0.2777778,1.155942,-1.575372,-0.5037079,-1.515777,-2.130426,3.121645,0.6508315,1.237698,-0.03336215,-1.549942,-0.002710918,-0.09322095,1.056384,0.335303,-0.9006715,-1.93862,0.3904511,0.6925573,1.430807,-0.02886835,-0.06914833,0.5593559,-0.5926103,-0.7811573,-0.1091269,0.1961115,0.7135527,1.520732,0.1524004,0.445472,1.059688,0.1537649,71.71046,118.1819,171.4028,False
1,0.2888889,1.268246,-1.605168,-0.5687222,-1.507949,-2.111237,3.102525,0.6507368,1.240028,-0.03268331,-1.548896,0.08238438,-0.1146737,1.096662,0.3096656,-0.8931007,-1.924881,0.3833905,0.694865,1.432838,-0.02857876,-0.1224635,0.5606622,-0.5961939,-0.786448,-0.09874762,0.1918187,0.7144444,1.520976,0.15321,0.4383232,1.065603,0.1490388,72.55889,116.7939,171.8186,False
1,0.3,1.326146,-1.605158,-0.6406116,-1.499754,-2.093221,3.085317,0.6505373,1.242251,-0.0323419,-1.547255,0.130923,-0.1726795,1.219968,0.2923042,-0.8840118,-1.904957,0.3747571,0.6977212,1.434861,-0.02830559,-0.1651239,0.5875627,-0.6082323,-0.7920651,-0.0865305,0.1864849,0.7152145,1.521182,0.1540086,0.4308762,1.072073,0.1441496,73.44463,115.4992,172.4528,False
1,0.3111111,1.340681,-1.624337,-0.6822702,-1.492413,-2.074201,3.069081,0.6506076,1.24457,-0.03192243,-1.545903,0.1014836,-0.2230436,1.293241,0.2825561,-0.8753102,-1.886516,0.367198,0.6997192,1.4367,-0.02811033,-0.1884449,0.6074648,-0.6919441,-0.8008488,-0.07407729,0.1802611,0.7160778,1.521202,0.154791,0.4233595,1.079154,0.1394818,74.41598,114.587,173.4332,False
1,0.3222222,1.390262,-1.750049,-0.7412585,-1.484048,-2.049757,3.049946,0.650588,1.246694,-0.03153968,-1.547086,-0.1298648,-0.2550992,1.319765,0.2867654,-0.8665782,-1.868925,0.3598266,0.7026923,1.438673,-0.0278942,-0.1891422,0.5940173,-0.7431807,-0.809684,-0.06317031,0.1748829,0.7169051,1.521392,0.1556398,0.416111,1.086812,0.1352424,75.59811,114.3849,174.8656,False
1,0.3333333,1.432852,-1.818214,-0.7490462,-1.477829,-2.026498,3.03055,0.6506126,1.248553,-0.03149971,-1.549602,-0.2411167,-0.3160182,1.381265,0.2824534,-0.857581,-1.85,0.3524348,0.7062948,1.440509,-0.02729335,-0.2027545,0.6120865,-0.7322473,-0.8163995,-0.05152005,0.1692223,0.7182148,1.521592,0.1567677,0.4096873,1.094882,0.1313249,76.94378,114.756,176.5043,False
1,0.3444445,1.514099,-1.883119,-0.7252953,-1.473437,-2.002571,3.008904,0.6504791,1.250227,-0.03101996,-1.550417,-0.08309385,-0.3365533,1.464143,0.2482251,-0.8496144,-1.827983,0.341654,0.7092998,1.44215,-0.02669036,-0.2292191,0.6633454,-0.7347105,-0.8229653,-0.03757201,0.163112,0.7189662,1.521654,0.1577356,0.4041113,1.103183,0.1276313,78.35001,115.8054,178.4975,False
1,0.3555556,1.572527,-1.880875,-0.634254,-1.472439,-1.981268,2.987683,0.6502707,1.25155,-0.03035155,-1.551136,-0.0847642,-0.3468887,1.642819,0.1582384,-0.8429597,-1.797057,0.3254631,0.7122152,1.443469,-0.02609801,-0.2516882,0.6955887,-0.7448736,-0.8306,-0.02166069,0.1563433,0.7201333,1.521694,0.1588173,0.3986966,1.111608,0.1239537,79.78772,118.0564,181.4278,False
1,0.3666667,1.581983,-1.834984,-0.5363716,-1.472907,-1.962134,2.96816,0.6499867,1.252831,-0.02964866,-1.550708,0.02293299,-0.3558837,1.749091,0.08125165,-0.8375844,-1.767718,0.3102205,0.7138553,1.444374,-0.02551919,-0.27063,0.7040657,-0.7296559,-0.8368739,-0.009522798,0.1516968,0.720737,1.521731,0.159838,0.3932181,1.120038,0.1200274,81.22403,120.2415,184.3918,False
1,0.3777778,1.537902,-1.73154,-0.3538421,-1.478129,-1.947124,2.951505,0.6496742,1.253759,-0.02878159,-1.550873,-0.03748903,-0.3537766,1.744704,0.03438917,-0.8329819,-1.742489,0.2972072,0.7163289,1.445607,-0.02509731,-0.2681799,0.6622229,-0.6905754,-0.8422663,-0.0005572665,0.1485919,0.7204661,1.521654,0.1606163,0.3874183,1.128418,0.1159037,82.65388,121.3883,186.7054,False
1,0.3888889,1.467424,-1.660144,-0.2573199,-1.4818,-1.931518,2.936429,0.6493487,1.254893,-0.02805004,-1.552444,-0.1615714,-0.3449734,1.64342,-0.01009935,-0.8304769,-1.722858,0.287717,0.7175756,1.446558,-0.02482134,-0.2561198,0.6256422,-0.6515747,-0.8471547,0.007972306,0.1454009,0.7205927,1.521487,0.1614169,0.381722,1.1366,0.1117554,84.08013,120.634,187.4662,False
1,0.4,1.331718,-1.594125,-0.193167,-1.484185,-1.916367,2.925009,0.6509001,1.256609,-0.02732876,-1.555515,-0.2932498,-0.3229319,1.445304,-0.02873024,-0.828756,-1.710292,0.2821071,0.7191536,1.447444,-0.02459121,-0.2401631,0.5448316,-0.5437409,-0.8490711,0.01286107,0.1442088,0.7208073,1.521574,0.1620383,0.3767092,1.144403,0.1078636,85.46387,117.3537,185.8085,False
1,0.4111111,1.207955,-1.618731,-0.2142985,-1.484936,-1.896796,2.91383,0.6510398,1.257686,-0.02668115,-1.558843,-0.3102569,-0.2879124,1.197199,-0.03334127,-0.8275709,-1.703025,0.2792748,0.7195818,1.448198,-0.02428648,-0.2513173,0.521027,-0.4915848,-0.8522382,0.02044695,0.1424368,0.7212121,1.521615,0.1627984,0.3728201,1.151623,0.1046312,86.75533,109.2168,179.1478,False
1,0.4222222,1.117509,-1.723196,-0.2122515,-1.487625,-1.873896,2.902363,0.6513646,1.258914,-0.02599099,-1.563298,-0.4130848,-0.2564693,1.048119,-0.05318974,-0.8270047,-1.694002,0.2749687,0.7208295,1.449184,-0.02411968,-0.2661257,0.5039247,-0.4787372,-0.8562196,0.02773429,0.1410138,0.7213352,1.521624,0.1632856,0.3702882,1.158126,0.1021474,87.72841,100.5054,171.4445,False
1,0.4333333,1.075614,-1.791353,-0.1446623,-1.493759,-1.852351,2.890126,0.6516886,1.259972,-0.02523297,-1.566372,-0.2785467,-0.210916,0.8203118,-0.06325676,-0.8275666,-1.690795,0.2741879,0.720032,1.449525,-0.02389675,-0.2559211,0.4827921,-0.5078064,-0.8622937,0.03518009,0.1387275,0.7217255,1.521657,0.1641173,0.3693176,1.163869,0.1001568,88.51299,97.31788,168.7049,False
1,0.4444444,1.038013,-1.922277,0.02839875,-1.50672,-1.828726,2.878358,0.6523132,1.260907,-0.0242804,-1.567585,-0.114242,-0.1869301,0.6819803,-0.03945038,-0.8264939,-1.687684,0.273264,0.7208602,1.45043,-0.02371672,-0.2391467,0.4561937,-0.5210115,-0.8678752,0.04170603,0.1365821,0.7218871,1.521668,0.1647397,0.3682041,1.169109,0.09832202,89.38834,113.3245,184.6559,False
1,0.4555556,0.9893302,-2.080937,0.1568654,-1.519998,-1.80285,2.867723,0.6529,1.261576,-0.02339679,-1.566814,0.06339756,-0.1818402,0.4863316,0.08362274,-0.821476,-1.690799,0.2776801,0.7191725,1.450436,-0.02319598,-0.2140031,0.4072072,-0.539831,-0.8740143,0.0461651,0.1352279,0.7219923,1.52164,0.1653736,0.3662375,1.173966,0.0959795,89.73906,230.5782,301.9607,False
1,0.4666667,0.9247071,-2.262068,0.1789815,-1.530985,-1.773425,2.858241,0.6534119,1.261935,-0.02284688,-1.565612,0.09787326,-0.204762,0.3736539,0.2043442,-0.8153081,-1.691922,0.2819417,0.7180052,1.450445,-0.02253482,-0.2035878,0.3752704,-0.5487378,-0.8799872,0.05123483,0.1339258,0.7218826,1.521617,0.1658907,0.3634209,1.178465,0.09278813,89.25558,298.7849,10.81892,False
1,0.4777778,0.8410041,-2.413524,0.1138995,-1.538658,-1.742077,2.850373,0.6535535,1.262338,-0.02239591,-1.564674,0.07611718,-0.2289702,0.3011726,0.2226809,-0.8119792,-1.691808,0.285171,0.7182493,1.450877,-0.02193457,-0.2041501,0.3493162,-0.5009809,-0.8833503,0.05564928,0.1334161,0.721663,1.5216,0.1663758,0.3602297,1.182567,0.08864431,88.46125,326.898,40.18198,False
1,0.4888889,0.7915831,-2.456179,0.06537652,-1.546024,-1.714738,2.842,0.653805,1.262808,-0.0218055,-1.564013,0.05226675,-0.2172297,0.2765844,0.177992,-0.8111861,-1.688385,0.2852754,0.7173543,1.451012,-0.02138034,-0.19715,0.3510228,-0.4531143,-0.8862872,0.06116136,0.1319253,0.72158,1.52169,0.1668293,0.3570254,1.186197,0.08349304,87.64841,333.1082,47.83947,False
1,0.5,0.7297211,-2.438092,0.05746436,-1.554244,-1.68992,2.835651,0.6538508,1.262944,-0.02145746,-1.563874,0.005672757,-0.1841357,0.2499942,0.1492716,-0.8100755,-1.686144,0.2846677,0.7174342,1.451382,-0.02107862,-0.1941811,0.349423,-0.3860431,-0.8876668,0.0664456,0.130623,0.7211795,1.521732,0.1672962,0.3538358,1.189333,0.07710556,87.09404,330.5758,46.674,False
1,0.5111111,0.6563861,-2.307049,0.0772711,-1.562404,-1.671072,2.830426,0.6540496,1.263088,-0.02106255,-1.562667,0.1055492,-0.1808257,0.2276986,0.1717081,-0.8068814,-1.684748,0.2856629,0.7168925,1.451394,-0.02086881,-0.2000123,0.3042492,-0.3277277,-0.889083,0.06905896,0.1313514,0.7207274,1.521825,0.1678247,0.3505733,1.192032,0.06929218,86.66,327.5929,45.22479,False
1,0.5222223,0.5529479,-2.123897,0.08240491,-1.568754,-1.654721,2.827724,0.6539211,1.263252,-0.0208326,-1.562405,0.01419507,-0.2053471,0.2275525,0.1536201,-0.8051002,-1.681847,0.2867939,0.7170341,1.451638,-0.02072036,-0.1988936,0.2764373,-0.3151716,-0.8919592,0.07213505,0.1315753,0.7202361,1.52173,0.1681563,0.3474985,1.194347,0.06037319,86.04726,328.5439,48.21156,False
1,0.5333334,0.4461649,-1.939682,0.06840891,4.709466,-1.640486,2.826221,0.6537199,1.263366,-0.02077025,-1.562421,-0.004340868,-0.2779069,0.2323885,0.08121783,-0.8060248,-1.677703,0.2900467,0.7162187,1.451436,-0.02086157,-0.2053349,0.2476449,-0.3099878,-0.895041,0.07491046,0.1322824,0.7197511,1.521675,0.1684389,0.3450209,1.196214,0.05105186,85.18362,331.227,53.36465,False
1,0.5444446,0.3884141,-1.81723,0.05609441,4.70441,-1.625499,2.824005,0.6534228,1.263567,-0.02060416,-1.563525,-0.1036686,-0.3357232,0.277648,-0.03284945,-0.8087067,-1.670058,0.2904816,0.7155015,1.451309,-0.02078936,-0.2116345,0.227322,-0.2962175,-0.897571,0.07770052,0.133088,0.7192545,1.521605,0.1687644,0.3434241,1.197616,0.04235141,84.23347,333.5271,58.25959,False
1,0.5555557,0.332937,-1.622282,0.05972227,4.699732,-1.615123,2.822112,0.6529143,1.26366,-0.02073577,-1.564567,-0.0922835,-0.3253928,0.3370503,-0.1363625,-0.8119147,-1.660569,0.2872904,0.7152789,1.451359,-0.02081743,-0.2136695,0.1952185,-0.2793922,-0.8998267,0.07914582,0.134516,0.7187433,1.521615,0.1689828,0.3425062,1.198609,0.03507708,83.49043,333.9821,60.87768,False
1,0.5666668,0.3286235,-1.475268,0.06603661,4.695343,-1.605103,2.818822,0.652353,1.263769,-0.02057374,-1.564134,0.04182338,-0.2957647,0.3732519,-0.1812481,-0.813658,-1.652496,0.284135,0.71439,1.45128,-0.02063534,-0.2058996,0.183243,-0.2508183,-0.9014363,0.0814681,0.1350635,0.7181182,1.521627,0.1693424,0.341881,1.199297,0.02958358,83.02968,333.6004,61.93182,False
1,0.577778,0.3061701,-1.149281,0.08303374,4.693188,-1.604157,2.815848,0.6512475,1.263691,-0.0204114,-1.563327,0.07006802,-0.2544366,0.4190843,-0.2282901,-0.8159574,-1.642643,0.2787533,0.7136195,1.45119,-0.02064151,-0.1779942,0.1733856,-0.2320737,-0.9032249,0.08370781,0.1346547,0.7174065,1.521551,0.169614,0.34106,1.199854,0.02577157,82.76134,333.3685,62.47244,False
1,0.5888891,0.2697766,-0.9724593,0.07794103,4.690577,-1.59931,2.814014,0.6504164,1.263542,-0.02032077,-1.561301,0.1829991,-0.2394422,0.395716,-0.2239801,-0.8170775,-1.637132,0.2775198,0.7125993,1.451071,-0.02066559,-0.1578064,0.1669284,-0.2345091,-0.9057597,0.08625233,0.1341956,0.7166295,1.521532,0.1699318,0.3399257,1.20033,0.02348582,82.57141,333.5786,63.01782,False
1,0.6000003,0.1638604,-0.6604307,0.05848318,4.6916,-1.602329,2.815653,0.6490648,1.263249,-0.02029571,-1.559705,0.1377298,-0.2167008,0.3064032,-0.1939168,-0.8181119,-1.635978,0.2784226,0.711477,1.45087,-0.02070555,-0.1268832,0.1571674,-0.2285919,-0.9081784,0.08849484,0.1333154,0.7157598,1.521483,0.1701765,0.3384255,1.200802,0.02253421,82.42542,333.9599,63.54026,False
1,0.6111114,0.09331313,-0.5411817,0.04417337,4.690564,-1.599615,2.816818,0.6480002,1.263037,-0.02042285,-1.559104,0.0506095,-0.1915183,0.1437086,-0.1221024,-0.8181716,-1.641335,0.2836019,0.7097011,1.450472,-0.02089056,-0.1334606,0.1470155,-0.155079,-0.9073528,0.08976983,0.1343725,0.7148137,1.52127,0.1700699,0.3367842,1.201214,0.02299263,82.34501,334.0649,63.55489,False
1,0.6222225,0.0007974356,-0.432577,0.07056076,4.688781,-1.599312,2.820057,0.6468785,1.26273,-0.02055272,-1.56095,-0.1696515,-0.1943372,0.05216113,-0.09413968,-0.818922,-1.644768,0.2881599,0.7084231,1.450223,-0.02103302,-0.1589623,0.1314676,-0.06005877,-0.9046412,0.09045653,0.1365286,0.7138093,1.521235,0.1701061,0.335324,1.201441,0.02451145,82.43379,333.5237,62.53706,False
1,0.6333337,-0.03483473,-0.4123007,0.131639,4.683748,-1.596357,2.821508,0.6458826,1.262295,-0.02083531,-1.561711,-0.05953147,-0.209805,-0.1004376,-0.1650664,-0.8246276,-1.650577,0.2951757,0.7064426,1.449701,-0.02125272,-0.1441697,0.109042,-0.06256178,-0.9056905,0.09109582,0.1373145,0.7126968,1.521065,0.1700312,0.3342645,1.201298,0.02684085,82.6688,332.3967,60.6384,False
1,0.6444448,-0.04313782,-0.424008,0.1530374,4.679819,-1.592281,2.822412,0.6449058,1.26204,-0.02082792,-1.563117,-0.1268553,-0.2074109,-0.1912185,-0.2489634,-0.8310048,-1.654352,0.3000943,0.7044606,1.449463,-0.02147055,-0.09764425,0.07596503,-0.08045244,-0.9073704,0.09109649,0.1368202,0.7115068,1.521003,0.1700188,0.3333737,1.20082,0.02927075,82.96087,331.8425,59.08346,False
1,0.655556,-0.06658556,-0.4772963,0.1469315,4.676134,-1.585701,2.823893,0.6439524,1.261731,-0.02085811,-1.56249,0.06585198,-0.1870747,-0.2221072,-0.2744608,-0.8357047,-1.657243,0.3034707,0.7027173,1.449282,-0.02167112,-0.07710718,0.0586122,-0.05210322,-0.9073092,0.09114069,0.136944,0.710531,1.521207,0.1699976,0.3325924,1.199979,0.03126876,83.12202,332.5254,58.89721,False
1,0.6666671,-0.1030818,-0.5306181,0.1143182,4.673583,-1.578381,2.826552,0.642942,1.261509,-0.02084604,-1.561032,0.1314217,-0.1347376,-0.2580749,-0.2562962,-0.8387967,-1.661212,0.306251,0.7003722,1.448932,-0.02188981,-0.06914815,0.04758317,-0.008593593,-0.905772,0.09106226,0.1376204,0.7089622,1.521007,0.1699858,0.33157,1.198922,0.0323696,83.13607,334.7531,60.58161,False
1,0.6777782,-0.1408032,-0.573302,0.06678198,4.672024,-1.570675,2.829653,0.6418734,1.261261,-0.02080303,-1.559976,0.09421336,-0.09309442,-0.2716261,-0.2083565,-0.8404803,-1.665367,0.3086577,0.6984303,1.448801,-0.02203694,-0.05606963,0.02812545,0.02092235,-0.9046172,0.09042338,0.1382066,0.7075708,1.520971,0.1700007,0.3301969,1.197768,0.03234399,83.16112,337.5126,63.20107,False
1,0.6888894,-0.186917,-0.5968063,0.03317778,4.670345,-1.563643,2.833328,0.6407297,1.26093,-0.02093846,-1.559781,0.01836347,-0.03973685,-0.2775596,-0.1210347,-0.8398502,-1.670032,0.3106703,0.6962261,1.44854,-0.02211168,-0.05068356,0.02592929,0.0261809,-0.9040058,0.09057225,0.1384854,0.7060244,1.52082,0.1700279,0.3286318,1.196548,0.0310586,83.19038,340.0827,65.94494,False
1,0.7000005,-0.2189391,-0.5947079,0.02709769,4.66832,-1.557453,2.837083,0.639524,1.260582,-0.0210242,-1.559747,0.007033184,-0.02473097,-0.2804469,-0.03368535,-0.8383679,-1.6752,0.3138799,0.6940095,1.448486,-0.02225295,-0.03301479,0.01651933,-0.00607644,-0.9051131,0.09066732,0.1381712,0.7043633,1.520688,0.1699334,0.3271188,1.195241,0.02856892,83.17022,342.2294,68.59792,False
1,0.7111117,-0.2540699,-0.5723615,0.03169794,4.666005,-1.552451,2.841292,0.6381922,1.260241,-0.02132457,-1.559884,-0.009082185,-0.04497419,-0.2610937,0.05575998,-0.8359743,-1.679417,0.3182195,0.6914423,1.448263,-0.0224674,-0.02248227,-0.005872825,-0.008520911,-0.9055136,0.08981031,0.1386524,0.7027569,1.520636,0.1697839,0.3257926,1.193829,0.02511085,83.06348,343.8234,71.00728,False
1,0.7222228,-0.2795042,-0.5436053,0.04790241,4.663497,-1.547916,2.845498,0.6366982,1.259854,-0.02151379,-1.559834,0.009065476,-0.06293091,-0.2908353,0.1112543,-0.8347455,-1.686006,0.3241405,0.68871,1.447914,-0.02269906,-0.01245189,-0.04570244,0.03899389,-0.9036856,0.08702784,0.1401608,0.7010369,1.520549,0.1696975,0.3246917,1.192296,0.0210737,82.81837,345.1255,73.36758,False
1,0.7333339,-0.2697811,-0.4871209,0.06586786,4.661194,-1.544887,2.848115,0.6351092,1.259455,-0.02164379,-1.559883,-0.0008496064,-0.05958882,-0.3270238,0.1177488,-0.8348413,-1.692783,0.3292517,0.6863434,1.447633,-0.02280408,-8.30926E-05,-0.07819015,0.1003761,-0.9009218,0.08406681,0.1414892,0.6992457,1.520572,0.1696954,0.323733,1.19066,0.01695061,82.47389,346.4047,75.83331,False
1,0.7444451,-0.2431388,-0.4125219,0.07299847,4.659576,-1.543196,2.850013,0.633471,1.259059,-0.02170211,-1.55971,0.02052152,-0.03814942,-0.3610403,0.1125214,-0.8354938,-1.699805,0.3336603,0.6839113,1.447307,-0.02292508,0.01323136,-0.08391075,0.1438527,-0.8979806,0.08212549,0.142037,0.6975203,1.520575,0.1695668,0.3227783,1.188951,0.01320992,82.11295,347.6911,78.24354,False
1,0.7555562,-0.2091906,-0.2740048,0.07041439,4.659453,-1.545019,2.850992,0.6314919,1.258629,-0.02172253,-1.558351,0.1279003,0.01410379,-0.3951419,0.04223974,-0.839325,-1.706229,0.3358971,0.6813855,1.446875,-0.02300346,0.02430011,-0.07566917,0.1736059,-0.8952929,0.08086689,0.1420669,0.6956344,1.520519,0.1693416,0.3216486,1.187219,0.0102187,81.78867,349.0294,80.52751,False
1,0.7666674,-0.2008785,-0.1738711,0.0574607,4.659789,-1.546695,2.852828,0.6295886,1.258247,-0.02177599,-1.556763,0.1434258,0.04706596,-0.3951767,-0.01532235,-0.8426151,-1.710609,0.3374963,0.6783879,1.446239,-0.02317461,0.04032602,-0.07148986,0.1755665,-0.893564,0.07975302,0.1417497,0.6937499,1.520439,0.1691696,0.3201884,1.185555,0.008243721,81.53541,350.6009,82.77437,False
1,0.7777785,-0.2174578,0.03274659,0.01375865,4.663308,-1.55338,2.855541,0.6274345,1.257887,-0.02181995,-1.555184,0.1427152,0.06293531,-0.3782117,-0.06438926,-0.8459478,-1.714224,0.3386571,0.6758094,1.445645,-0.02334708,0.05301379,-0.08749218,0.1731497,-0.8920434,0.07771543,0.1420629,0.6920795,1.520189,0.1690173,0.3183937,1.184031,0.007450752,81.38696,352.2872,84.81862,False
1,0.7888896,-0.2221954,0.1424274,-0.02570817,4.666014,-1.557326,2.857973,0.6254745,1.257442,-0.02212924,-1.554766,0.03581548,0.05328156,-0.3708885,-0.09636428,-0.8491287,-1.718261,0.3413121,0.6731644,1.445135,-0.02366582,0.05603865,-0.1002154,0.1634225,-0.8908103,0.07543297,0.1427771,0.6902423,1.519993,0.168812,0.3163133,1.182705,0.007943644,81.37766,353.9586,86.47339,False
1,0.8000008,-0.2256265,0.1860843,-0.04595419,4.668168,-1.560428,2.860514,0.6234679,1.256867,-0.02240297,-1.555478,-0.06264206,0.02980721,-0.3657077,-0.1155335,-0.852326,-1.722318,0.3444399,0.6704862,1.444402,-0.02395189,0.05580407,-0.1064659,0.147387,-0.890038,0.0737155,0.1433907,0.688468,1.519813,0.1685732,0.3142471,1.181532,0.009617647,81.53249,355.5527,87.66376,False
1,0.8111119,-0.2193764,0.2233645,-0.05776243,4.669946,-1.563444,2.862525,0.6214345,1.256145,-0.0227893,-1.555871,-0.03032804,0.01598883,-0.3828738,-0.1399773,-0.8560944,-1.72735,0.3482046,0.6675549,1.443619,-0.02423376,0.04838225,-0.08936945,0.144414,-0.8886292,0.07293347,0.1434991,0.6865737,1.519666,0.1682653,0.3123859,1.180439,0.01234425,81.89259,356.9443,88.28788,False
1,0.8222231,-0.2075526,0.2095339,-0.04827933,4.670659,-1.565181,2.864369,0.6194847,1.25544,-0.02317625,-1.556225,-0.02986804,0.02240552,-0.3946318,-0.1623204,-0.8601781,-1.732177,0.3508893,0.6649029,1.442902,-0.02455556,0.03881456,-0.0840032,0.1445701,-0.8871719,0.07174423,0.1441934,0.6846371,1.519538,0.1679784,0.3106606,1.179404,0.01557011,82.35187,358.2238,88.43503,False
1,0.8333342,-0.1923846,0.1541724,-0.02706467,4.670074,-1.565211,2.866074,0.6171846,1.254725,-0.02354908,-1.556185,0.006676038,0.02775317,-0.4031559,-0.1729532,-0.8639129,-1.736895,0.3534324,0.662338,1.442328,-0.02494216,0.02503507,-0.1149613,0.1594186,-0.8852869,0.0682206,0.1465058,0.6825547,1.519593,0.1675822,0.3089532,1.178382,0.01866586,82.77811,359.1366,88.16673,False
1,0.8444453,-0.1838516,0.1041076,-0.03030111,4.670339,-1.564566,2.867859,0.6152368,1.254019,-0.02392867,-1.556037,0.01466431,0.01493815,-0.3849464,-0.129328,-0.8650661,-1.740975,0.3563664,0.6598542,1.44167,-0.0252991,0.02411668,-0.135338,0.1773823,-0.8830819,0.06495304,0.1482771,0.6805665,1.51947,0.1672932,0.3071743,1.177318,0.02115067,83.10738,359.8822,87.92245,False
1,0.8555565,-0.1637863,0.002891649,-0.05595994,4.670738,-1.56082,2.869371,0.6117041,1.252672,-0.02438948,-1.555867,0.01670558,-0.009613067,-0.3647086,-0.09740496,-0.8662576,-1.745097,0.3599731,0.6570742,1.440756,-0.02555811,0.01804688,-0.1675096,0.214451,-0.8804677,0.06157295,0.1506526,0.6790514,1.519419,0.1668514,0.3052391,1.176203,0.02269167,83.28852,0.7719356,88.14462,False
1,0.8666676,-0.1405969,-0.1111023,-0.09124391,4.67149,-1.555394,2.870373,0.6095181,1.251728,-0.02491775,-1.555865,0.001185729,-0.02023599,-0.3721121,-0.07181973,-0.8679785,-1.750094,0.364069,0.6543381,1.439955,-0.02591094,0.02171212,-0.1955802,0.2599937,-0.8766333,0.05657792,0.1533611,0.6769612,1.519148,0.1664896,0.3030748,1.175046,0.0231098,83.33765,1.747924,88.82691,False
1,0.8777788,-0.101537,-0.1899388,-0.1341692,4.673024,-1.550203,2.870505,0.6072805,1.250665,-0.02555853,-1.555696,0.01716669,-0.02956957,-0.4231017,-0.008811779,-0.8683375,-1.759055,0.370528,0.6514356,1.438805,-0.02614695,0.022312,-0.1895312,0.3058498,-0.8719499,0.05356775,0.1550064,0.6741979,1.518722,0.1660779,0.3006666,1.173817,0.02238554,83.40829,1.783613,88.88817,False
1,0.8888899,-0.07077002,-0.2272063,-0.150423,4.674192,-1.546308,2.87048,0.6048746,1.249631,-0.02611578,-1.555273,0.03903268,-0.03917059,-0.4262924,-0.007747099,-0.8702981,-1.764061,0.3748021,0.6482701,1.437695,-0.02642986,0.02154432,-0.1726226,0.3241034,-0.8680206,0.05104468,0.1563995,0.6720145,1.518568,0.1657912,0.297573,1.172498,0.0204471,83.49965,0.795581,88.14635,False
1,0.900001,-0.03324538,-0.2644415,-0.1294517,4.673799,-1.541861,2.869708,0.6021454,1.248341,-0.02684093,-1.554524,0.06769033,-0.04672492,-0.4061419,-0.02910399,-0.8726918,-1.768227,0.3782663,0.6451325,1.436462,-0.0267202,0.02497996,-0.1695809,0.3421961,-0.8638868,0.04783264,0.158093,0.6697772,1.518362,0.16542,0.2946311,1.17092,0.01744953,83.52029,1.372386,89.18155,False
1,0.9111122,-0.02570203,-0.2495064,-0.1188864,4.674135,-1.539534,2.869972,0.5993993,1.247329,-0.02740601,-1.554091,0.03696986,-0.03708002,-0.4338081,-0.05036823,-0.8761486,-1.773301,0.3820105,0.6417611,1.435014,-0.02708465,0.04760996,-0.1911846,0.3715866,-0.8590484,0.04345373,0.160024,0.6670492,1.518303,0.165016,0.2919378,1.169181,0.01365096,83.43356,2.590245,91.15562,False
1,0.9222233,-0.01290183,-0.1557406,-0.1084391,4.675378,-1.540729,2.869812,0.5963638,1.246051,-0.02789879,-1.55353,0.05017998,-0.01347199,-0.4795404,-0.05558511,-0.8795201,-1.781347,0.3864819,0.6385889,1.433642,-0.02735826,0.06281897,-0.2106523,0.4010747,-0.8540363,0.03824686,0.1621817,0.6647456,1.518098,0.1646526,0.2893568,1.167458,0.009494342,83.20355,3.351433,92.9183,False
1,0.9333345,0.027427,-0.01508771,-0.1110838,4.67786,-1.544653,2.868191,0.5930884,1.244779,-0.02840587,-1.554107,-0.05579378,0.04975975,-0.5869592,-0.0862283,-0.8848619,-1.792387,0.3908319,0.6352494,1.432085,-0.02743214,0.06559235,-0.2035942,0.4490377,-0.8478951,0.03376928,0.1642049,0.6624813,1.517776,0.1641565,0.2866553,1.165899,0.005410454,82.8791,3.306934,93.94888,False
1,0.9444456,0.08291254,0.1458361,-0.08833112,4.67997,-1.551071,2.865276,0.5899258,1.24371,-0.02863574,-1.554635,-0.04570293,0.09055606,-0.6881933,-0.1658716,-0.8925813,-1.802151,0.3948059,0.6323655,1.430815,-0.0276303,0.09419203,-0.159824,0.4213236,-0.8441858,0.03241307,0.1630547,0.6600316,1.517484,0.1635733,0.2839537,1.164532,0.001966357,82.59244,2.798638,94.48048,False
1,0.9555568,0.1214069,0.2705291,-0.06325442,4.68179,-1.55774,2.862472,0.5867658,1.242696,-0.02887928,-1.554245,0.03590795,0.1173683,-0.7468241,-0.2157979,-0.900256,-1.812232,0.3989061,0.6291437,1.429522,-0.02790678,0.1183936,-0.1810662,0.4048691,-0.8407317,0.02865934,0.1635876,0.657619,1.517318,0.163024,0.2811566,1.163365,-0.0002852995,82.4285,1.612808,94.09948,False
1,0.9666679,0.1460104,0.4772403,-0.03596859,4.684515,-1.56989,2.85952,0.5836439,1.241923,-0.02903488,-1.553296,0.0825315,0.1365914,-0.784081,-0.232758,-0.906989,-1.821908,0.4038258,0.6254249,1.427825,-0.02834964,0.09587575,-0.2477698,0.4994512,-0.8329105,0.01957583,0.1694266,0.6551943,1.516898,0.1623867,0.2780778,1.162453,-0.0009662136,82.38361,0.6422535,93.51955,False
1,0.977779,0.110618,0.6657638,-0.04323953,4.688974,-1.582753,2.859419,0.5805147,1.24132,-0.02919349,-1.552944,0.02609949,0.1463442,-0.8191014,-0.198577,-0.9120592,-1.833475,0.4089734,0.6222522,1.426619,-0.02862856,0.06307557,-0.2526662,0.6053042,-0.8228667,0.0142029,0.1739092,0.6526871,1.516623,0.1617117,0.2747717,1.161851,0.0001192435,82.40247,0.4397997,93.20959,False
1,0.9888902,0.05603421,0.7807548,-0.05878201,4.693431,-1.593858,2.860442,0.5775878,1.240526,-0.02938274,-1.55305,-0.01272262,0.1582511,-0.845386,-0.09303702,-0.9134243,-1.846779,0.415153,0.6193805,1.425651,-0.02871791,0.05143246,-0.255831,0.6139368,-0.8167319,0.009686849,0.1770102,0.6506405,1.516139,0.1610589,0.2714282,1.161571,0.002882191,82.51098,0.7312196,92.89872,False
1,1.000001,0.02399429,0.8041592,-0.06487897,4.697056,-1.603093,2.861128,0.5748167,1.23971,-0.02958497,-1.555295,-0.207782,0.1443229,-0.7982496,0.01763222,-0.9126515,-1.857387,0.4205438,0.6165447,1.424666,-0.02894315,0.05294406,-0.256521,0.5649034,-0.8126524,0.00461912,0.179819,0.6484494,1.515694,0.1605246,0.2683517,1.161581,0.007261536,82.74785,1.089818,92.26424,False
1,1.011112,-0.004597841,0.7626075,-0.05070768,4.698984,-1.609677,2.862008,0.5719893,1.238532,-0.0298914,-1.557843,-0.2252509,0.1098236,-0.6724474,0.09826772,-0.9106727,-1.862873,0.4239475,0.6138799,1.423884,-0.02925873,0.05225702,-0.2404453,0.4201269,-0.8136777,0.00229205,0.1808385,0.6471262,1.515098,0.1598487,0.2658166,1.161718,0.0129177,83.27154,0.7872044,90.48961,False
1,1.022224,-0.02121665,0.6560929,-0.01636192,4.699073,-1.61342,2.862712,0.5695822,1.237381,-0.03018531,-1.55926,-0.1228729,0.06875759,-0.5127147,0.1319365,-0.9088948,-1.864823,0.425725,0.6116989,1.423087,-0.02947959,0.04414648,-0.2244115,0.2786509,-0.8156687,-0.0001455418,0.1823072,0.6451726,1.514477,0.1593202,0.2638136,1.161787,0.01911456,83.96278,359.3285,87.1769,False
1,1.033335,-0.0313921,0.5218889,0.02114397,4.698054,-1.615156,2.86338,0.5670381,1.235987,-0.03051174,-1.560065,-0.07130423,0.06524131,-0.4274887,0.137022,-0.9080862,-1.867827,0.426987,0.6089962,1.422023,-0.02975568,0.03909267,-0.2025407,0.2085665,-0.8157545,-0.002199238,0.183406,0.6427164,1.513758,0.1588249,0.2619937,1.161672,0.02497156,84.61315,356.661,82.59145,False
1,1.044446,-0.05198093,0.3855681,0.08218426,4.695346,-1.61591,2.864507,0.5649104,1.234677,-0.03072444,-1.560219,-0.01182128,0.08626959,-0.3592841,0.1176321,-0.9082535,-1.869996,0.426574,0.6064453,1.420921,-0.03011107,0.03532144,-0.1953564,0.2438304,-0.8122178,-0.006084924,0.1855616,0.6405694,1.513336,0.1582003,0.2600781,1.161215,0.02969605,85.07726,353.4657,77.74326,False
1,1.055557,-0.08977826,0.2619997,0.128474,4.692319,-1.615817,2.866753,0.5627377,1.233377,-0.03108698,-1.559986,0.0220869,0.1032801,-0.3571807,0.08671748,-0.9101113,-1.874772,0.4276824,0.6036406,1.419851,-0.03061774,0.03189757,-0.198018,0.3109457,-0.807365,-0.01095225,0.1886186,0.6383278,1.512867,0.1576419,0.2580081,1.16031,0.03274144,85.30981,351.5706,74.7238,False
1,1.066668,-0.1108559,0.198082,0.145775,4.690485,-1.616722,2.868536,0.5606942,1.232306,-0.03135735,-1.559856,0.01217271,0.1033241,-0.3796827,0.04097985,-0.9131404,-1.88019,0.4298765,0.6010797,1.418714,-0.03109738,0.03215425,-0.2052511,0.4174308,-0.7996104,-0.01675754,0.1921457,0.6361625,1.512462,0.1570079,0.2557436,1.15891,0.03389128,85.31078,351.6777,74.37249,False
1,1.077779,-0.1397309,0.1245372,0.1290781,4.689423,-1.615999,2.871171,0.5586085,1.231195,-0.03163689,-1.560276,-0.03662831,0.07365847,-0.4299566,0.009191774,-0.916733,-1.887001,0.4341387,0.5984466,1.417592,-0.03149346,0.04201674,-0.243934,0.451053,-0.7950282,-0.02406552,0.1963565,0.6339076,1.511935,0.1563151,0.2535543,1.157009,0.03331383,85.07749,354.2356,77.1217,False
1,1.08889,-0.1495629,0.1000056,0.1025611,4.689392,-1.616437,2.873174,0.5566044,1.230272,-0.03171685,-1.560059,0.02440634,0.04610023,-0.4684347,0.001874924,-0.9195139,-1.894375,0.4390602,0.5959797,1.416567,-0.03175557,0.05025834,-0.3025418,0.4461985,-0.7918132,-0.03249762,0.2013065,0.6311789,1.511067,0.1556008,0.2515153,1.154698,0.03140639,84.71035,357.9893,81.55884,False
1,1.100002,-0.1500124,0.1170133,0.05887341,4.690808,-1.618083,2.874873,0.554518,1.229218,-0.03182805,-1.560133,-0.005690381,0.006890148,-0.5186075,0.01803377,-0.9221115,-1.903354,0.4458571,0.5934117,1.415395,-0.03197661,0.04489879,-0.3206552,0.4493191,-0.787648,-0.03977724,0.2061066,0.6291528,1.510467,0.1549875,0.249601,1.152162,0.02875518,84.32729,1.863565,86.39686,False
1,1.111113,-0.1299863,0.2043674,0.04475464,4.692163,-1.623247,2.875504,0.5523255,1.22817,-0.03192911,-1.559576,0.05474618,0.001692146,-0.5451782,0.04900814,-0.9235555,-1.912084,0.4512098,0.590977,1.414334,-0.03226361,0.03512205,-0.290612,0.4262416,-0.7842711,-0.04394908,0.209166,0.6273055,1.509799,0.1545064,0.2477317,1.149567,0.02586822,83.98869,5.118025,90.65835,False
1,1.122224,-0.1128904,0.3087959,0.05835933,4.692754,-1.630309,2.876023,0.5502508,1.227096,-0.03197992,-1.558732,0.07755192,0.02523553,-0.5652343,0.08206902,-0.9246905,-1.921277,0.4556221,0.5886085,1.413156,-0.03242943,0.03365846,-0.248719,0.3818373,-0.7819201,-0.04670252,0.2108124,0.6253166,1.509283,0.1539562,0.2458645,1.147077,0.02327714,83.69703,7.730918,94.22083,False
1,1.133335,-0.1082791,0.3929927,0.1008589,4.692186,-1.637766,2.876914,0.5481884,1.225902,-0.03188232,-1.557332,0.1280908,0.05175975,-0.5439117,0.05216333,-0.9273074,-1.926606,0.4571873,0.5866663,1.41203,-0.03255609,0.04295333,-0.2346898,0.3541307,-0.7795387,-0.05041723,0.2126875,0.6237202,1.508796,0.1534776,0.2439577,1.144791,0.02146687,83.48461,9.509513,96.75564,False
1,1.144446,-0.1049085,0.4462811,0.1231519,4.691947,-1.644678,2.877858,0.5462418,1.224711,-0.03184578,-1.556216,0.09926339,0.08352831,-0.5098854,-0.01187135,-0.9313825,-1.930309,0.4574653,0.584753,1.410885,-0.03282186,0.05239603,-0.2378517,0.3433284,-0.7767162,-0.05563676,0.2154625,0.6221056,1.508211,0.1529487,0.2420329,1.142789,0.02091754,83.26484,10.81223,98.5432,False
1,1.155557,-0.09518784,0.5272687,0.1432297,4.692035,-1.653617,2.878359,0.5444548,1.223455,-0.03156015,-1.555766,0.04000695,0.107914,-0.4918327,-0.06414525,-0.9357299,-1.934262,0.4577495,0.5827818,1.409593,-0.03301004,0.0510851,-0.2387608,0.3241602,-0.7743913,-0.06025815,0.2182229,0.6205738,1.507666,0.1523751,0.2402492,1.141077,0.02194894,83.07204,11.80619,99.6285,False
1,1.166668,-0.09520812,0.5805343,0.1453197,4.69253,-1.66185,2.879202,0.5429068,1.222263,-0.03133434,-1.55561,0.01515363,0.1078837,-0.4919174,-0.09396981,-0.9398306,-1.939351,0.4597085,0.5808814,1.408407,-0.03324306,0.04983206,-0.2525352,0.3134181,-0.7719785,-0.06608594,0.2218781,0.6190004,1.507049,0.1516678,0.2386876,1.139617,0.02457198,83.00729,12.604,100.0125,False
1,1.17778,-0.09859697,0.5751887,0.1251153,4.693448,-1.668036,2.880259,0.5415683,1.221206,-0.03115344,-1.555344,0.02520898,0.06739801,-0.5093411,-0.1716502,-0.9467122,-1.943728,0.4628659,0.5792096,1.407156,-0.03346506,0.05069062,-0.2737606,0.3025309,-0.7705782,-0.07198245,0.2252904,0.6175961,1.506347,0.1510901,0.2373825,1.138348,0.02847503,83.12708,13.46049,99.98244,False
1,1.188891,-0.1040554,0.5378805,0.1081551,4.694016,-1.672515,2.881454,0.5402193,1.220267,-0.03106138,-1.555475,-0.01240724,0.03009415,-0.5170906,-0.2227261,-0.9529136,-1.948222,0.4663509,0.5776489,1.406186,-0.03368598,0.04554363,-0.2973629,0.3247814,-0.7672524,-0.07931533,0.2302899,0.6161032,1.505939,0.1504821,0.2363817,1.1372,0.0332927,83.35548,14.38489,99.73078,False
1,1.200002,-0.1200656,0.4494383,0.0977337,4.693794,-1.674443,2.88332,0.5392072,1.219404,-0.03099015,-1.555825,-0.03047866,0.01086834,-0.5087,-0.2429739,-0.9583193,-1.952225,0.4691651,0.5759923,1.405155,-0.03389686,0.02796367,-0.2998048,0.3685475,-0.7641051,-0.08598229,0.2354165,0.6150122,1.505875,0.1499086,0.2356767,1.136109,0.03849496,83.69603,15.7907,99.72935,False
1,1.211113,-0.1358253,0.3386423,0.110766,4.692118,-1.674932,2.885297,0.5383658,1.218542,-0.03090164,-1.556229,-0.03511712,-0.01163876,-0.4736288,-0.2430589,-0.9624265,-1.955123,0.4716024,0.5749667,1.40441,-0.03409404,0.02777264,-0.2634171,0.3421021,-0.7630383,-0.08947769,0.2375484,0.6138823,1.50572,0.1493869,0.235114,1.135066,0.04340238,84.09568,17.72984,100.183,False
1,1.222224,-0.1494606,0.2108028,0.1216533,4.690075,-1.673635,2.887398,0.5378256,1.217709,-0.03080007,-1.556978,-0.06649709,-0.02882028,-0.4299128,-0.2069508,-0.9649506,-1.958241,0.4741953,0.57409,1.403833,-0.03420115,0.03256964,-0.2406859,0.2932193,-0.761745,-0.0932422,0.2397508,0.6128538,1.505149,0.149067,0.2345916,1.13431,0.04699308,85.03312,20.64262,102.1461,False
1,1.233335,-0.1622337,0.07016441,0.1112423,4.688267,-1.670207,2.889745,0.5373402,1.216865,-0.03081378,-1.557585,-0.05164075,-0.06091806,-0.3754863,-0.131443,-0.9652436,-1.961392,0.4777037,0.5730202,1.403212,-0.03437921,0.02576849,-0.2233151,0.2560875,-0.7613605,-0.09613386,0.2418725,0.6116037,1.504817,0.1486558,0.2345344,1.13394,0.04852185,86.07525,24.62765,105.8191,False
1,1.244446,-0.1580895,-0.0779354,0.08681937,4.686739,-1.664967,2.891461,0.5370495,1.216151,-0.03086695,-1.557999,-0.03499494,-0.0834032,-0.3328047,-0.07827368,-0.9656132,-1.964526,0.4811171,0.571625,1.40233,-0.03448701,0.009362631,-0.2016309,0.2159815,-0.7606041,-0.0990355,0.2444662,0.6106832,1.504408,0.1482287,0.2343726,1.133735,0.04831123,85.82571,16.77435,98.01964,False
1,1.255558,-0.1346407,-0.2089552,0.07710664,4.684642,-1.658928,2.89243,0.5366859,1.215372,-0.03092924,-1.558327,-0.02713971,-0.09429708,-0.2538233,-0.01244346,-0.9639152,-1.965952,0.483413,0.5709112,1.401837,-0.03464079,-0.007962741,-0.1843111,0.1886032,-0.7602025,-0.1017931,0.2470612,0.6095715,1.50402,0.147903,0.2344444,1.133581,0.04715318,84.5398,10.80081,91.94834,False
1,1.266669,-0.116342,-0.2696496,0.09082331,4.682036,-1.654793,2.893226,0.5363042,1.214741,-0.0308674,-1.557996,0.03315589,-0.09120795,-0.2239783,-0.0104075,-0.9650561,-1.967674,0.485131,0.5701704,1.401207,-0.03489307,-0.01640488,-0.1651095,0.1888708,-0.7583191,-0.1045787,0.2495062,0.608602,1.503687,0.1475385,0.2344862,1.133397,0.04580583,83.09942,6.788507,87.70447,False
1,1.27778,-0.1008698,-0.3239249,0.1429173,4.67744,-1.650427,2.894034,0.5359867,1.214092,-0.03073949,-1.557116,0.08048936,-0.09457169,-0.1857111,-0.03501712,-0.966507,-1.96778,0.48636,0.5693488,1.400626,-0.03505534,-0.02138436,-0.1236478,0.203105,-0.7557801,-0.1053013,0.2504663,0.6074097,1.503226,0.147256,0.2344117,1.133214,0.04462983,82.00751,4.765229,85.29546,False
1,1.288891,-0.09618668,-0.3238824,0.1854817,4.67337,-1.648024,2.895128,0.5356894,1.213552,-0.03045321,-1.556364,0.06703833,-0.09053752,-0.1400534,-0.09374104,-0.9693709,-1.965955,0.4861622,0.5688736,1.400023,-0.03515893,-0.02023762,-0.1044926,0.2032519,-0.7536677,-0.1072599,0.2520021,0.6064873,1.503044,0.1469256,0.2341987,1.133043,0.0437722,81.19556,3.962889,84.10648,False
1,1.300002,-0.1004582,-0.298318,0.1865687,4.670748,-1.646209,2.89645,0.5353501,1.213008,-0.03028187,-1.55589,0.04269439,-0.07888858,-0.1283709,-0.1214831,-0.9719084,-1.965672,0.4864399,0.5683217,1.399476,-0.03531995,-0.02349386,-0.1044267,0.2000725,-0.752228,-0.1090282,0.2539345,0.6058145,1.502723,0.146632,0.2337649,1.132933,0.0435169,81.01931,1.395949,81.42757,False
1,1.311113,-0.1051634,-0.2355054,0.1460748,4.670661,-1.645787,2.897629,0.5350261,1.212562,-0.03016582,-1.555874,0.001430995,-0.07998925,-0.1220198,-0.1332128,-0.973967,-1.966162,0.4876354,0.5677958,1.398949,-0.03545687,-0.0437661,-0.0968529,0.1950691,-0.7504575,-0.1112806,0.2566552,0.605195,1.502671,0.14647,0.2335384,1.132921,0.043562,80.87614,2.889125,83.05953,False
1,1.322224,-0.1121913,-0.1641827,0.08749436,4.671702,-1.646042,2.899002,0.5348275,1.212055,-0.03016692,-1.556131,-0.02211654,-0.0917595,-0.1157529,-0.1598541,-0.9767985,-1.965892,0.4889817,0.5674653,1.398493,-0.03568327,-0.04605766,-0.09033199,0.1802349,-0.7491968,-0.1129445,0.2584521,0.6045566,1.502481,0.1461613,0.2335632,1.132862,0.04368913,80.7179,2.981192,83.43468,False
1,1.333336,-0.1297412,-0.0875316,0.04286111,4.673019,-1.647263,2.900937,0.5347266,1.211658,-0.0301277,-1.556325,-0.01579963,-0.1034724,-0.122251,-0.1811309,-0.9799064,-1.966001,0.4905724,0.5669956,1.398021,-0.03582233,-0.04105154,-0.08695468,0.1535717,-0.748564,-0.1147091,0.2599764,0.6039519,1.502424,0.1458384,0.2337064,1.132731,0.04389006,80.79861,2.112096,82.68661,False
1,1.344447,-0.1405489,-0.03748787,0.03121277,4.673151,-1.648296,2.902735,0.5346308,1.211233,-0.03024104,-1.556642,-0.02772624,-0.1130256,-0.1329554,-0.1853512,-0.9826297,-1.966786,0.4925575,0.5664775,1.397577,-0.03600606,-0.03779481,-0.08701316,0.1577938,-0.7469836,-0.1170836,0.2618862,0.6033888,1.502348,0.1455728,0.2338332,1.132545,0.04405749,81.08636,0.09390406,80.33738,False
1,1.355558,-0.1704669,0.02320658,0.02719777,4.673558,-1.650572,2.905523,0.5347579,1.210875,-0.03031617,-1.557294,-0.05757991,-0.1193137,-0.1574472,-0.1735561,-0.9851885,-1.968638,0.4951027,0.5660956,1.397227,-0.03611416,-0.03217367,-0.07440716,0.1770026,-0.7446017,-0.1186333,0.2631922,0.6028502,1.502228,0.1453265,0.2339121,1.132288,0.04445662,81.23057,357.1519,77.16443,False
1,1.366669,-0.1884754,0.07113657,0.04118494,4.673152,-1.652951,2.908019,0.5349536,1.210583,-0.03054169,-1.557654,-0.02911314,-0.1213584,-0.1776609,-0.1607075,-0.9875299,-1.970705,0.4976652,0.5658724,1.396972,-0.03621957,-0.03084187,-0.05002006,0.1899823,-0.7418608,-0.1194706,0.2640902,0.6023469,1.502273,0.1451151,0.234011,1.132134,0.04458891,80.99946,355.305,75.32213,False
1,1.37778,-0.193756,0.09350883,0.04761115,4.672831,-1.654829,2.910222,0.5350869,1.210289,-0.03066665,-1.558503,-0.07552245,-0.113773,-0.2020195,-0.1212272,-0.988983,-1.974009,0.5004479,0.5656602,1.396759,-0.03630996,-0.03087336,-0.04145492,0.184725,-0.7401111,-0.1203727,0.265099,0.6019223,1.502193,0.144899,0.2342299,1.131991,0.04463411,80.80942,353.5678,73.67996,False
1,1.388891,-0.191848,0.1094708,0.02626891,4.673733,-1.656324,2.912147,0.5354395,1.210157,-0.03085724,-1.55884,-0.02533093,-0.1222375,-0.2061597,-0.06900334,-0.9891704,-1.977068,0.5038208,0.5655446,1.396593,-0.03641948,-0.04278412,-0.04342364,0.1699529,-0.7389202,-0.1219822,0.2671521,0.6016154,1.50209,0.1447505,0.2346227,1.131891,0.04475375,80.85634,350.8998,71.08325,False
1,1.400002,-0.1912261,0.08386718,-0.02059211,4.675541,-1.655923,2.914249,0.535845,1.210017,-0.03112254,-1.558671,0.01811428,-0.1458231,-0.1603607,-0.04141778,-0.9888344,-1.977603,0.5065218,0.5655394,1.396492,-0.03652409,-0.05187497,-0.04300775,0.1263724,-0.7392754,-0.1219752,0.2683193,0.6010969,1.501717,0.1446438,0.2350102,1.131787,0.04504254,81.04214,347.9413,68.20337,False
1,1.411114,-0.185227,0.02950617,-0.06534915,4.677252,-1.653995,2.916076,0.5362945,1.209856,-0.03142118,-1.558198,0.04474892,-0.1609636,-0.1029107,-0.0479563,-0.9891151,-1.976175,0.5080664,0.5655596,1.396442,-0.03665033,-0.04835264,-0.01698032,0.0592996,-0.7424883,-0.1210385,0.2678341,0.6013222,1.502024,0.1444279,0.2353448,1.131664,0.04538217,81.26977,345.1035,65.43749,False
1,1.422225,-0.1939367,-0.01100005,-0.08760243,4.678602,-1.652108,2.918591,0.5367308,1.209701,-0.03172186,-1.557821,0.03530863,-0.1708669,-0.02309112,-0.06202902,-0.9888775,-1.97273,0.5083996,0.5656826,1.396412,-0.03678468,-0.0529935,0.001441948,0.0232842,-0.7433048,-0.1196875,0.2675883,0.6011279,1.501966,0.1443171,0.2356416,1.131545,0.04562137,81.48367,342.2577,62.56572,False
1,1.433336,-0.2078539,-0.0770638,-0.1001979,4.679363,-1.648912,2.921446,0.5372732,1.209597,-0.03204021,-1.557283,0.05083746,-0.1881458,0.03864473,-0.05792496,-0.9880946,-1.969904,0.5095048,0.5657504,1.396323,-0.03692913,-0.06161956,0.01864631,0.01181121,-0.7431657,-0.1179595,0.2677446,0.6004622,1.501593,0.1442936,0.2359126,1.131446,0.04557975,81.5679,339.4961,59.60145,False
1,1.444447,-0.2141681,-0.1548365,-0.09900993,4.679453,-1.644489,2.924174,0.5378401,1.209374,-0.0323762,-1.557315,-0.002474222,-0.1977883,0.05460626,-0.05157111,-0.9878357,-1.968468,0.5112672,0.5658591,1.396197,-0.03704536,-0.06951616,0.04497115,0.05367932,-0.7408504,-0.116876,0.2681247,0.6002464,1.501592,0.1443414,0.2361286,1.131339,0.0452132,81.35219,337.8022,57.65074,False
1,1.455558,-0.1905338,-0.2410959,-0.08638942,4.678763,-1.638963,2.925699,0.5384209,1.209225,-0.03275007,-1.557557,-0.01867399,-0.2031612,0.06629652,-0.05479149,-0.987914,-1.967153,0.5129674,0.5664155,1.396213,-0.03712943,-0.0777283,0.05335899,0.07621677,-0.7392168,-0.1159602,0.2686978,0.5996788,1.501367,0.1442651,0.2363853,1.131243,0.04459836,80.99169,336.4501,56.04338,False
1,1.466669,-0.1489372,-0.3177659,-0.08780938,4.678553,-1.632879,2.926243,0.5389152,1.209131,-0.03296581,-1.557573,0.002086725,-0.1861541,0.07485816,-0.06335112,-0.9882458,-1.965476,0.5134345,0.5669377,1.39618,-0.03727856,-0.08183154,0.06180414,0.08699324,-0.7377462,-0.1153049,0.2694413,0.599493,1.501387,0.1441659,0.2366171,1.131151,0.04392864,80.43197,335.706,55.05064,False
1,1.47778,-0.1223466,-0.3571653,-0.09549849,4.678733,-1.627463,2.926926,0.5393069,1.208958,-0.03328294,-1.556695,0.08244482,-0.1734534,0.09189196,-0.08365306,-0.988893,-1.962794,0.5134599,0.5670981,1.396058,-0.03743771,-0.08306351,0.05658664,0.07630178,-0.7372882,-0.1144454,0.2699313,0.5991333,1.501191,0.1440749,0.2367946,1.131065,0.04323332,79.89084,335.309,54.37445,False
1,1.488891,-0.09043189,-0.3795129,-0.1021915,4.679067,-1.622392,2.927024,0.5396831,1.208945,-0.03357992,-1.555369,0.1194283,-0.169268,0.1046069,-0.1135175,-0.9900333,-1.959804,0.5135927,0.5675561,1.396064,-0.03756961,-0.08035433,0.06009239,0.03687777,-0.7380077,-0.1129211,0.2696762,0.5990002,1.501211,0.143991,0.2368367,1.131009,0.04250769,79.38893,335.7538,54.51925,False
1,1.500003,-0.08407389,-0.3656602,-0.1043963,4.679518,-1.618653,2.927884,0.5399499,1.208888,-0.03389958,-1.554642,0.06319719,-0.1661111,0.1088054,-0.1390998,-0.9914906,-1.956935,0.5137624,0.5676689,1.395979,-0.03771055,-0.07120952,0.06248049,0.001627973,-0.7388887,-0.1111634,0.2690141,0.5986652,1.501088,0.1438708,0.2367618,1.130973,0.04178215,78.94438,336.779,55.22694,False
1,1.511114,-0.0862364,-0.34116,-0.1054635,4.680131,-1.615588,2.929089,0.5402894,1.208884,-0.03418303,-1.553984,0.05969256,-0.1468332,0.08119042,-0.1368997,-0.9926288,-1.956131,0.5144215,0.5681016,1.396093,-0.03775167,-0.06798805,0.05597179,0.00463397,-0.7402245,-0.1117803,0.2698056,0.5989933,1.501533,0.1437397,0.2366552,1.130947,0.041098,78.56653,337.7759,55.8967,False
1,1.522225,-0.08870195,-0.2655545,-0.1331941,4.6823,-1.614601,2.930217,0.5405865,1.209112,-0.0346624,-1.554265,-0.0276916,-0.1328476,0.05149271,-0.1101928,-0.9931258,-1.956389,0.5155755,0.5682714,1.396039,-0.03783196,-0.08248681,0.04508191,0.03989402,-0.7384892,-0.1124425,0.2714358,0.5988581,1.501674,0.1435151,0.236618,1.130951,0.04035645,78.53472,338.0575,55.83165,False
1,1.533336,-0.08257756,-0.2197606,-0.1567292,4.684573,-1.613136,2.9309,0.5409877,1.20921,-0.03500184,-1.554987,-0.06380313,-0.1347914,0.01650517,-0.04936564,-0.9921836,-1.958508,0.5183145,0.5687602,1.396185,-0.03797355,-0.08975156,0.05246416,0.05283652,-0.7372722,-0.1116758,0.2721436,0.5981224,1.501462,0.1434314,0.2365825,1.130931,0.03981393,78.19915,338.5939,56.13243,False
1,1.544447,-0.05294085,-0.1590228,-0.1709176,4.686846,-1.612973,2.930488,0.5413251,1.209346,-0.03544152,-1.55565,-0.05795972,-0.1463605,-0.01218143,-0.008788094,-0.9916014,-1.960248,0.5212467,0.5693657,1.396283,-0.03806463,-0.09691716,0.07367013,0.06802416,-0.7355677,-0.1100967,0.2720707,0.5980425,1.501447,0.1435028,0.2366978,1.13095,0.03930196,78.23034,338.1259,55.51616,False
1,1.555558,-0.02296823,-0.105718,-0.1520813,4.687963,-1.613322,2.929722,0.5416758,1.209505,-0.03578705,-1.555901,-0.02110594,-0.1526831,-0.02815677,0.0008522309,-0.9917308,-1.961344,0.5237474,0.5697975,1.396361,-0.03808501,-0.1055047,0.09510633,0.05445537,-0.735122,-0.1079161,0.2716555,0.5979211,1.501271,0.1435126,0.2368825,1.130967,0.03885186,78.34386,337.4401,54.77492,False
1,1.566669,0.003807535,-0.05347455,-0.1332094,4.688997,-1.61423,2.92883,0.5420914,1.209718,-0.03607735,-1.55543,0.0433791,-0.157009,-0.01220522,-0.003449868,-0.9917313,-1.960624,0.525219,0.5702107,1.39644,-0.03812772,-0.107959,0.1006709,0.02683169,-0.7353867,-0.1058716,0.2713833,0.5979645,1.501315,0.1437301,0.2371405,1.130961,0.03833598,78.54207,336.9062,54.29844,False
1,1.577781,0.01668601,-0.00551423,-0.1195261,4.690176,-1.615448,2.928246,0.5425451,1.210001,-0.03633413,-1.554934,0.04248757,-0.1539823,0.02607892,-0.03019759,-0.9920142,-1.958214,0.5255067,0.5709071,1.396682,-0.03813356,-0.108092,0.1103729,0.0130633,-0.7352812,-0.1034908,0.2708331,0.5980022,1.501334,0.1437509,0.2373826,1.130967,0.03772697,78.66969,336.6354,54.07346,False
