loc,t,aDotUA,bDotUA,gDotUA,aUA,bUA,gUA,xUA,yUA,zUA,aDotE,bDotE,gDotE,aE,bE,gE,xE,yE,zE,aDotSH,bDotSH,gDotSH,aSH,bSH,gSH,xSH,ySH,zSH,aDotUB,bDotUB,gDotUB,aUB,bUB,gUB,xUB,yUB,zUB,xHand,yHand,zHand,aHand,bHand,gHand
3,0,-0.1254737,-0.6875489,0.1194666,-1.370367,-4.248435,3.045225,0.6660512,1.345817,0.4395881,-0.2406436,0.1823446,-0.6927854,-1.44948,-4.134262,1.122211,0.5519463,1.189049,0.4119828,-0.2605117,0.1328296,-0.03320527,-0.6492595,-4.066792,-0.396321,0.6600709,1.58414,0.3644638,-0.08677098,0.1688702,-0.01914586,-0.8489667,0.08520731,0.07467078,0.7312074,1.64552,0.1771035,0.3763909,1.100477,0.2883591,279.3499,276.0485,326.699
3,0.01111111,-0.1498517,-0.61184,0.1433639,-1.372683,-4.243423,3.046503,0.6651181,1.345477,0.4391305,-0.2276647,0.1357343,-0.6355293,-1.452041,-4.12992,1.124098,0.5512126,1.188839,0.4105887,-0.2488244,0.1264116,-0.03441737,-0.6500568,-4.065198,-0.3951838,0.6596504,1.584041,0.3645,-0.0974457,0.1689285,-0.0211637,-0.8491313,0.08772772,0.0744753,0.7312366,1.645499,0.1773379,0.3763036,1.100383,0.2861086,279.5879,277.9529,324.6554
3,0.02222222,-0.1643283,-0.562983,0.1559165,-1.374914,-4.238567,3.047764,0.6642095,1.34517,0.4386666,-0.2173308,0.1074828,-0.5969945,-1.4543,-4.125213,1.125696,0.5503756,1.188722,0.4094012,-0.2434959,0.1221223,-0.03343325,-0.6508244,-4.06367,-0.3939247,0.6592395,1.583924,0.364547,-0.09959985,0.1668008,-0.02220757,-0.8493311,0.08997636,0.07414054,0.7313329,1.64548,0.1775846,0.3762227,1.100084,0.2835083,279.8051,279.3187,323.0472
3,0.03333334,-0.1643283,-0.562983,0.1559165,-1.374914,-4.238567,3.047764,0.6642095,1.34517,0.4386666,-0.2173308,0.1074828,-0.5969945,-1.4543,-4.125213,1.125696,0.5503756,1.188722,0.4094012,-0.2434959,0.1221223,-0.03343325,-0.6508244,-4.06367,-0.3939247,0.6592395,1.583924,0.364547,-0.09959985,0.1668008,-0.02220757,-0.8493311,0.08997636,0.07414054,0.7313329,1.64548,0.1775846,0.3762227,1.100084,0.2835083,279.8051,279.3187,323.0472
3,0.04444445,-0.1825063,-0.4220907,0.1800382,-1.379785,-4.232476,3.049504,0.6627084,1.344727,0.437865,-0.1793529,0.0292542,-0.4750264,-1.459101,-4.119529,1.129627,0.5491918,1.188439,0.4070656,-0.2220058,0.1154962,-0.01023146,-0.6512942,-4.05967,-0.3927436,0.6582947,1.583798,0.3645408,-0.1146906,0.1551634,-0.03267886,-0.8500315,0.09437311,0.07416238,0.7311959,1.645497,0.178118,0.3759786,1.100636,0.2801881,280.1247,283.3516,318.7277
3,0.05555556,-0.1837092,-0.3601143,0.1864125,-1.381693,-4.231131,3.050897,0.6623087,1.344444,0.4373639,-0.1751168,-0.005052447,-0.4028789,-1.461364,-4.117567,1.131624,0.5487659,1.188435,0.4062023,-0.2113151,0.1154334,-0.006068904,-0.6518034,-4.057766,-0.3922503,0.6578188,1.583781,0.3645165,-0.1157979,0.1551646,-0.03692802,-0.8504363,0.09674532,0.07389313,0.7311991,1.64551,0.1783209,0.3759073,1.10094,0.2785208,280.2088,284.5854,317.3759
3,0.06666667,-0.1881763,-0.3227877,0.1867726,-1.383825,-4.229847,3.051939,0.6617843,1.344299,0.4370654,-0.1617173,-0.03487244,-0.340768,-1.463449,-4.11495,1.133698,0.5481974,1.188522,0.4054914,-0.194221,0.1164115,-0.0008856989,-0.6521879,-4.055642,-0.392281,0.6572315,1.583759,0.3645182,-0.1222965,0.1541193,-0.04644669,-0.8511388,0.09905561,0.0739424,0.731104,1.645493,0.1785152,0.3757439,1.101463,0.2771714,280.186,285.4169,316.4523
3,0.07777778,-0.2123016,-0.2715918,0.1764625,-1.385355,-4.228764,3.051939,0.6614087,1.344202,0.436918,-0.1262596,-0.04829812,-0.2870564,-1.464799,-4.11364,1.136833,0.5479476,1.188707,0.4049585,-0.1792299,0.1141701,0.008559175,-0.6522529,-4.053479,-0.3924381,0.6567572,1.583634,0.3645556,-0.1245598,0.1509234,-0.05706929,-0.8519505,0.1013012,0.07395598,0.7310549,1.645442,0.1787624,0.3756751,1.102183,0.2761127,280.1691,286.3172,315.4352
3,0.08888889,-0.2530295,-0.2267442,0.1462349,-1.386826,-4.226596,3.050763,0.6609557,1.343966,0.4367437,-0.07570403,-0.05195349,-0.2658269,-1.465092,-4.112153,1.140859,0.5477626,1.18892,0.404566,-0.1525175,0.1172372,0.01580216,-0.652483,-4.051138,-0.3934815,0.6562296,1.583495,0.364537,-0.1258316,0.1423784,-0.07196034,-0.8531708,0.10303,0.07423615,0.7309226,1.645357,0.1789365,0.3754071,1.10296,0.2747988,280.2132,287.4205,314.1549
3,0.1,-0.272806,-0.2014544,0.1359945,-1.387151,-4.22515,3.048876,0.6606614,1.343933,0.4366708,-0.02018183,-0.04159054,-0.2298823,-1.465998,-4.110635,1.144446,0.5475214,1.189152,0.4042196,-0.1375466,0.123554,0.01998055,-0.6527568,-4.048512,-0.3945015,0.6556494,1.5834,0.3645272,-0.1258877,0.1381149,-0.07514511,-0.8539175,0.1050251,0.07428542,0.7307824,1.645281,0.1790421,0.3751883,1.104011,0.2743003,280.253,288.6321,312.7541
3,0.1111111,-0.2962005,-0.166944,0.1258696,-1.387367,-4.224079,3.047532,0.6604395,1.343875,0.4367051,0.01483438,-0.03105703,-0.1922215,-1.466703,-4.109711,1.148436,0.547314,1.189642,0.4042993,-0.1277715,0.1393896,0.03599031,-0.6527455,-4.044793,-0.3963527,0.6550245,1.583319,0.3644388,-0.1258313,0.1381228,-0.06981894,-0.854398,0.1071332,0.07428515,0.7306106,1.645246,0.1791968,0.3750606,1.104967,0.2735591,280.2774,289.7698,311.484
3,0.1222222,-0.3234398,-0.1475366,0.08969003,-1.387499,-4.222653,3.046452,0.6602044,1.344013,0.4368968,0.03326191,-0.01749311,-0.1707074,-1.466023,-4.108428,1.152579,0.5471599,1.190109,0.4041107,-0.1319263,0.1563985,0.04254565,-0.6530018,-4.040826,-0.3979058,0.6544175,1.583313,0.364383,-0.1257014,0.1370768,-0.05703975,-0.8545274,0.1091278,0.07434001,0.7305337,1.645186,0.1792979,0.374806,1.106432,0.2738152,280.213,291.1033,310.0579
3,0.1333333,-0.3320953,-0.127958,0.05584406,-1.387719,-4.221672,3.04539,0.659942,1.344065,0.437124,0.0461426,-0.012758,-0.1502692,-1.465128,-4.107339,1.156265,0.5469005,1.190667,0.4043097,-0.1455181,0.1786404,0.06519899,-0.6527408,-4.035896,-0.3996518,0.6539168,1.583503,0.3643303,-0.1257014,0.1370767,-0.05703976,-0.8550324,0.1111774,0.07436238,0.7304567,1.645121,0.17941,0.3745872,1.107487,0.2734662,280.1715,292.3501,308.7072
3,0.1444445,-0.318183,-0.1049684,0.03070969,-1.387379,-4.220836,3.044403,0.6597651,1.344428,0.4373729,0.05784877,0.0005800575,-0.1197433,-1.464452,-4.106573,1.159085,0.5465849,1.191221,0.4044476,-0.1442589,0.1795381,0.08650547,-0.6519243,-4.031852,-0.4013866,0.6535274,1.583694,0.3642395,-0.1250596,0.1125271,-0.08364942,-0.8569211,0.111845,0.07528863,0.7305051,1.645127,0.1795707,0.3742297,1.108646,0.2735116,280.0767,293.0233,307.9713
3,0.1555556,-0.3049486,-0.08829778,0.01349139,-1.38675,-4.220369,3.043327,0.6594574,1.344833,0.4375186,0.06756946,0.01428938,-0.09272621,-1.463762,-4.105898,1.161816,0.5462377,1.19182,0.4046628,-0.1366955,0.1463187,0.1096261,-0.6503471,-4.029863,-0.4016675,0.6531301,1.583968,0.3642602,-0.1242847,0.09758107,-0.1038798,-0.8587118,0.1128822,0.07582765,0.7305229,1.644974,0.1796353,0.3738884,1.109753,0.2736833,280.004,293.5534,307.3686
3,0.1666667,-0.2954182,-0.07233074,-0.01768119,-1.386026,-4.219305,3.042176,0.6591172,1.345168,0.4376979,0.07787541,0.03048714,-0.07742296,-1.462213,-4.105305,1.164544,0.5459797,1.192464,0.4049149,-0.1228755,0.1057177,0.1198556,-0.6487365,-4.029186,-0.4012899,0.6526294,1.584083,0.3642411,-0.1279227,0.07518053,-0.1336308,-0.8610586,0.1131274,0.07714964,0.7304519,1.644707,0.1797116,0.3735299,1.111007,0.274031,279.9905,294.1417,306.7216
3,0.1777778,-0.2990555,-0.05522165,-0.05163883,-1.384447,-4.218573,3.040377,0.6587985,1.345508,0.4380078,0.100177,0.0560319,-0.06107923,-1.460114,-4.104811,1.167656,0.5456046,1.193201,0.405344,-0.0996738,0.04818214,0.1117673,-0.6472877,-4.030851,-0.3996611,0.6521871,1.584171,0.364217,-0.1281322,0.06982957,-0.1506655,-0.8632189,0.1141699,0.07787349,0.7304128,1.644521,0.1797104,0.3731019,1.112212,0.2743215,280.0734,295.4214,305.4095
3,0.1888889,-0.3123128,-0.04559685,-0.0606387,-1.38287,-4.21787,3.038388,0.6585028,1.34577,0.4383941,0.1259058,0.07561082,-0.0409565,-1.458718,-4.104078,1.171399,0.5453034,1.193881,0.4054954,-0.07536194,0.02372056,0.09751802,-0.6466661,-4.031171,-0.3994435,0.6515473,1.584155,0.3642287,-0.1327735,0.06447886,-0.1836343,-0.8663652,0.1152375,0.07882424,0.7303214,1.644246,0.1798172,0.3727047,1.113627,0.2746915,280.2284,296.911,303.9677
3,0.2,-0.3435725,-0.02072734,-0.0580892,-1.381587,-4.217623,3.035951,0.6581937,1.345984,0.4387302,0.1503576,0.07743143,-0.02388906,-1.45752,-4.104255,1.176325,0.5449311,1.194652,0.4059815,-0.06580196,0.04721083,0.08695006,-0.6466986,-4.02869,-0.4009623,0.6507434,1.584099,0.3642981,-0.1479571,0.05920473,-0.2069064,-0.86948,0.1161603,0.08027886,0.7301435,1.643746,0.1800692,0.3722205,1.114881,0.2746201,280.4463,298.8384,302.1172
3,0.2111111,-0.3767632,0.006765537,-0.04576291,-1.380755,-4.21768,3.034235,0.6580266,1.346157,0.4390256,0.1551052,0.06938213,-0.005269334,-1.456613,-4.104908,1.181856,0.5447304,1.195277,0.40611,-0.07749119,0.07605085,0.08087834,-0.6467396,-4.025353,-0.4023256,0.649979,1.584055,0.3642838,-0.1521957,0.05923216,-0.2047231,-0.8714795,0.1172623,0.08138806,0.7299722,1.64333,0.1802113,0.3717519,1.116349,0.2748467,280.6201,300.5624,300.5002
3,0.2222222,-0.4098822,0.0396013,-0.01643147,-1.380446,-4.218964,3.032221,0.6577237,1.346304,0.439292,0.1659534,0.04472058,0.02392853,-1.456532,-4.106089,1.187738,0.5444464,1.195885,0.4063635,-0.08915189,0.1123458,0.075921,-0.6471561,-4.020967,-0.4043555,0.6489034,1.584002,0.3642738,-0.1545244,0.0560189,-0.221732,-0.8743467,0.1181218,0.08258862,0.7295713,1.64284,0.1802604,0.3710996,1.118052,0.2749553,280.8393,302.633,298.5842
3,0.2333333,-0.4362591,0.07792505,0.01178837,-1.380729,-4.220103,3.030176,0.6573524,1.346456,0.4396563,0.1727392,0.01286863,0.04692991,-1.456674,-4.107924,1.193871,0.5440755,1.196626,0.4067614,-0.09774303,0.1508862,0.05497201,-0.6484882,-4.016497,-0.4066415,0.6477649,1.583864,0.3642786,-0.146218,0.06019595,-0.2452691,-0.8778716,0.1195662,0.08290074,0.7292572,1.642391,0.1803982,0.3703679,1.119885,0.2754371,280.974,304.8499,296.5643
3,0.2444444,-0.4552496,0.1103475,0.03340267,-1.381067,-4.221674,3.027862,0.6569532,1.346672,0.4399204,0.1833255,-0.01471464,0.07046571,-1.456784,-4.109752,1.199951,0.5436455,1.197585,0.4075689,-0.09581656,0.1745447,0.0242333,-0.6502805,-4.012876,-0.4085095,0.646655,1.583853,0.3643198,-0.1078793,0.08977406,-0.2627673,-0.8813822,0.1225175,0.08100989,0.7285851,1.64225,0.1805887,0.3695317,1.12191,0.276257,280.9931,306.7653,294.8664
3,0.2555556,-0.4510747,0.150337,0.0561398,-1.381806,-4.224325,3.026235,0.6565333,1.346994,0.440239,0.1795446,-0.05118856,0.1034402,-1.457119,-4.112506,1.205486,0.5431337,1.19843,0.4078934,-0.09375307,0.1863453,0.01258273,-0.6514848,-4.009294,-0.4104171,0.6454304,1.583997,0.3644612,-0.09365465,0.1152931,-0.2416513,-0.8832464,0.1254143,0.07971907,0.7279176,1.642163,0.18081,0.3686178,1.123845,0.2768417,280.9211,308.3905,293.4808
3,0.2666667,-0.4471571,0.1702708,0.06988373,-1.382211,-4.227255,3.024971,0.6561532,1.347484,0.4403172,0.1699759,-0.07381237,0.1383781,-1.457185,-4.114707,1.210831,0.5427413,1.19936,0.4081666,-0.0872623,0.1851719,0.02423743,-0.6516233,-4.005884,-0.4123543,0.6442299,1.584208,0.3644977,-0.087991,0.1174375,-0.2108222,-0.8845423,0.1272895,0.07943197,0.727432,1.642138,0.1809502,0.3676945,1.125782,0.2776172,280.8722,309.6463,292.4384
3,0.2777778,-0.4416223,0.1949052,0.07582447,-1.382454,-4.230299,3.023916,0.6556074,1.348041,0.4404023,0.157216,-0.08890277,0.1684198,-1.457269,-4.117489,1.216133,0.5420582,1.200433,0.4083591,-0.08501823,0.178665,0.0390858,-0.6514694,-4.002562,-0.4141474,0.6429217,1.58456,0.3644984,-0.08567943,0.1046769,-0.187392,-0.8858968,0.1283067,0.07960162,0.7267193,1.642002,0.1810794,0.3668621,1.127745,0.2778169,280.917,310.8908,291.3827
3,0.2888889,-0.4349207,0.2014389,0.07466072,-1.382646,-4.232606,3.022919,0.6548716,1.348614,0.4404664,0.1458195,-0.09012294,0.1807766,-1.457198,-4.1196,1.221218,0.5413918,1.201545,0.4087262,-0.08597351,0.1732404,0.05290042,-0.6513128,-3.999248,-0.4158182,0.6417352,1.58482,0.3644454,-0.08686042,0.09828037,-0.1948275,-0.8882255,0.1296921,0.0797417,0.7260078,1.641978,0.1811872,0.3657167,1.129862,0.2782402,280.9662,312.0539,290.4941
3,0.3,-0.4414209,0.2013137,0.06574644,-1.382657,-4.234839,3.021938,0.6540129,1.349276,0.4404979,0.1364422,-0.08709931,0.1832202,-1.456664,-4.121514,1.226719,0.5404502,1.202803,0.4087861,-0.09535868,0.178435,0.07432976,-0.6507647,-3.994957,-0.4178462,0.6403404,1.585243,0.3643813,-0.07854889,0.09287581,-0.2119548,-0.8911437,0.1310779,0.07947432,0.7252859,1.641883,0.1812575,0.364486,1.131841,0.2781682,281.1272,313.2806,289.523
3,0.3111111,-0.4753635,0.1840981,0.05279066,-1.382733,-4.235832,3.020579,0.6530261,1.349801,0.4405296,0.1345831,-0.07444745,0.1618678,-1.455829,-4.122508,1.233307,0.5393418,1.204274,0.4089968,-0.1047587,0.1783006,0.09572223,-0.6498891,-3.990812,-0.4196963,0.6390065,1.585568,0.3642492,-0.08662391,0.07792827,-0.2629893,-0.8957756,0.1319717,0.07995688,0.7246066,1.641774,0.1812515,0.3631661,1.134127,0.2784044,281.303,314.4917,288.6588
3,0.3222222,-0.4978258,0.1658653,0.04601696,-1.382553,-4.236745,3.019379,0.6520392,1.350333,0.4405825,0.1304373,-0.06148487,0.1436202,-1.455146,-4.123304,1.23959,0.5383117,1.205474,0.4089456,-0.1068563,0.1718685,0.1010216,-0.6493852,-3.987497,-0.4211552,0.6377165,1.585942,0.3641608,-0.09637257,0.08647414,-0.2820795,-0.8994358,0.1339485,0.08025729,0.7239604,1.641693,0.1813116,0.3615419,1.136628,0.2788117,281.5451,316.0581,287.4458
3,0.3333333,-0.5251765,0.1480279,0.0338589,-1.382436,-4.23722,3.019249,0.6508642,1.350835,0.4407113,0.1023254,-0.04474965,0.1190514,-1.454171,-4.123819,1.246493,0.5368577,1.206693,0.4089017,-0.106915,0.1623074,0.09776232,-0.6490464,-3.984432,-0.4223709,0.6363817,1.586257,0.364073,-0.08159131,0.09062576,-0.2971572,-0.9031312,0.1358088,0.07948923,0.7232604,1.641656,0.1814587,0.3598786,1.13902,0.2788,281.8602,318.5309,285.1927
3,0.3444445,-0.5421417,0.1402236,0.04015133,-1.382361,-4.237988,3.019852,0.6498026,1.351223,0.4407027,0.06741705,-0.03512326,0.1058124,-1.454,-4.124784,1.253263,0.5354596,1.207878,0.4090908,-0.110139,0.1388472,0.1018774,-0.6481655,-3.982425,-0.4226815,0.6349839,1.58653,0.3639786,-0.09105304,0.08965047,-0.2842726,-0.9057869,0.1375368,0.07980322,0.7226124,1.641688,0.1815376,0.3582449,1.141405,0.2790464,282.1459,320.7451,283.1408
3,0.3555556,-0.563426,0.1421145,0.04975455,-1.381755,-4.2392,3.020907,0.6482317,1.351603,0.4406934,0.02852151,-0.01884006,0.1063385,-1.453814,-4.12605,1.260565,0.5337044,1.209083,0.4090407,-0.1249648,0.1281417,0.1147208,-0.6469761,-3.979511,-0.4231963,0.6336396,1.586838,0.3638592,-0.1098622,0.09620224,-0.2531884,-0.9074429,0.1394539,0.08054997,0.7219543,1.641644,0.1816916,0.3562389,1.143992,0.278939,282.3549,322.6756,281.3366
3,0.3666667,-0.5838376,0.1420993,0.04954326,-1.381234,-4.239948,3.021573,0.6469037,1.352081,0.4406772,0.009827623,-0.006193452,0.1007473,-1.453346,-4.127222,1.26793,0.5321411,1.210392,0.4092247,-0.1588701,0.1334264,0.1342339,-0.6457548,-3.975523,-0.423477,0.6322315,1.587101,0.3637631,-0.1170626,0.09843995,-0.2286347,-0.909322,0.1415876,0.08095104,0.7215657,1.641537,0.1817639,0.3540862,1.146549,0.278626,282.388,324.0512,280.0973
3,0.3777778,-0.6185434,0.1289356,0.02619718,-1.380319,-4.240562,3.023264,0.6453192,1.352525,0.440618,-0.02758658,0.0186228,0.09358426,-1.451799,-4.127508,1.275857,0.5300202,1.211746,0.4090636,-0.1916553,0.1482697,0.1570092,-0.6443604,-3.97051,-0.4242511,0.6308751,1.587362,0.3636262,-0.1211571,0.1187086,-0.2243639,-0.9115771,0.1442525,0.08070763,0.721037,1.64136,0.1818178,0.3519483,1.149313,0.2785038,282.4141,325.4761,278.8513
3,0.3888889,-0.6647887,0.1130176,-0.01182488,-1.379112,-4.240724,3.025149,0.6436855,1.352971,0.4405518,-0.05919517,0.04464119,0.08021154,-1.449381,-4.127362,1.284264,0.5277736,1.213084,0.4088447,-0.225381,0.1747729,0.1894635,-0.6427385,-3.963936,-0.426065,0.6293622,1.58759,0.3634517,-0.1154889,0.1667393,-0.2159953,-0.9137444,0.1505834,0.07824314,0.7207278,1.641269,0.1819334,0.3494166,1.152282,0.2783129,282.3615,327.0822,277.3702
3,0.4,-0.7176403,0.1036338,-0.05603671,-1.37737,-4.240325,3.027605,0.6417876,1.353437,0.4404831,-0.09945509,0.08545907,0.05948881,-1.446301,-4.12734,1.293424,0.5252749,1.214689,0.4087946,-0.2326068,0.1820761,0.2130226,-0.6407853,-3.958381,-0.4277473,0.6280545,1.587758,0.3632531,-0.133766,0.1849143,-0.2413961,-0.9170265,0.1541371,0.07819813,0.7201954,1.641152,0.1820168,0.3466825,1.155401,0.2777624,282.2778,328.9503,275.6266
3,0.4111111,-0.7637621,0.1069962,-0.07643652,-1.375161,-4.240775,3.030806,0.639788,1.353786,0.4404464,-0.1426308,0.1189712,0.06078689,-1.443528,-4.127679,1.303192,0.5227848,1.216196,0.408633,-0.2208782,0.1756282,0.2160675,-0.6392822,-3.95408,-0.429215,0.6267366,1.587967,0.3630984,-0.1648273,0.1988676,-0.263432,-0.9200982,0.1571252,0.07940428,0.7188475,1.640525,0.1821496,0.3436245,1.159099,0.2774802,282.0822,330.9641,273.6781
3,0.4222222,-0.8362853,0.1135244,-0.09528852,-1.372694,-4.241015,3.03505,0.6375957,1.35413,0.4403527,-0.1952539,0.1555034,0.06347725,-1.440501,-4.128083,1.314697,0.5198015,1.217906,0.4084008,-0.2347932,0.161848,0.2128887,-0.6378388,-3.950328,-0.4291849,0.6253351,1.588025,0.3629541,-0.1723646,0.1893181,-0.2686457,-0.922805,0.1595256,0.07973824,0.7180259,1.640604,0.1821833,0.3402886,1.162987,0.2771306,281.8011,333.0873,271.6499
3,0.4333333,-0.9113609,0.1299776,-0.1122537,-1.37039,-4.242474,3.039927,0.6354432,1.354552,0.4402583,-0.2478408,0.171687,0.08376447,-1.437006,-4.128952,1.327361,0.5164741,1.219726,0.4081616,-0.250787,0.1523032,0.2140279,-0.6361807,-3.946349,-0.4290763,0.6240282,1.588187,0.3627672,-0.1526612,0.191409,-0.2198507,-0.9235113,0.1624073,0.07902638,0.7173483,1.640569,0.1823435,0.3366674,1.167359,0.2767791,281.5255,335.6315,269.2176
3,0.4444444,-0.9585154,0.1434042,-0.127886,-1.367498,-4.244266,3.047194,0.6331156,1.354983,0.4401443,-0.333008,0.2050354,0.1117362,-1.433388,-4.130033,1.339388,0.5133885,1.221567,0.4076645,-0.2826439,0.1544454,0.2249773,-0.6343181,-3.941562,-0.4286635,0.6227987,1.588392,0.3625786,-0.1324927,0.2159281,-0.1391248,-0.9221643,0.1665502,0.07736057,0.7168424,1.640679,0.1824586,0.3331521,1.171563,0.2763996,281.4088,338.3785,266.5919
3,0.4555556,-1.069871,0.151045,-0.1914727,-1.364264,-4.246298,3.05495,0.6304893,1.355527,0.4399915,-0.4125422,0.2368351,0.1365025,-1.427054,-4.130431,1.354683,0.5091951,1.223957,0.4072793,-0.2930368,0.1403766,0.259053,-0.6311676,-3.936995,-0.4288094,0.6215837,1.588688,0.3623786,-0.1385657,0.2266535,-0.1145723,-0.9224982,0.170235,0.07694245,0.7162191,1.640568,0.1826549,0.3289115,1.176511,0.2759203,281.4074,341.7996,263.2595
3,0.4666667,-1.125565,0.1616619,-0.2124628,-1.36061,-4.248337,3.063497,0.6276321,1.356102,0.4398272,-0.4848943,0.2739331,0.1540711,-1.422296,-4.131235,1.368459,0.5055461,1.225966,0.4068046,-0.2991436,0.1187965,0.2973055,-0.6271781,-3.932921,-0.4287585,0.6204625,1.589025,0.3621602,-0.1607423,0.2321473,-0.09942213,-0.9228876,0.1739337,0.0771848,0.7157997,1.640484,0.1827571,0.3249783,1.181189,0.2754185,281.5234,345.054,260.0627
3,0.4777778,-1.203173,0.1870926,-0.2386473,-1.357006,-4.249841,3.071559,0.6248255,1.356604,0.4396472,-0.5290553,0.3022657,0.1576879,-1.416616,-4.132814,1.384443,0.5010936,1.228519,0.4064672,-0.3118612,0.1038274,0.3100922,-0.6239643,-3.92903,-0.4279609,0.6192604,1.589383,0.3619761,-0.1694119,0.2215472,-0.1078406,-0.924282,0.1769435,0.07747295,0.7153249,1.640299,0.1827881,0.320172,1.186793,0.2748333,281.8871,348.7231,256.3516
3,0.4888889,-1.289877,0.2083595,-0.2771625,-1.352282,-4.251445,3.081289,0.6216036,1.357201,0.4394367,-0.5943463,0.3505261,0.1581469,-1.410107,-4.134408,1.401349,0.4966082,1.231121,0.4059711,-0.3193475,0.06436551,0.3194513,-0.6202736,-3.927048,-0.4257574,0.6180404,1.589645,0.3616641,-0.1721881,0.1820891,-0.1471742,-0.9271539,0.1781845,0.07879042,0.7147237,1.640094,0.1828287,0.3149088,1.192694,0.2737572,282.1652,352.2523,252.7941
3,0.5,-1.345058,0.2229619,-0.3072684,-1.347048,-4.253682,3.092175,0.6184041,1.357869,0.4391854,-0.6663347,0.4008021,0.1728824,-1.403436,-4.135979,1.418126,0.4920231,1.233773,0.4056234,-0.322634,0.0356209,0.3192528,-0.6168515,-3.925408,-0.4233395,0.616781,1.589894,0.3614306,-0.1684546,0.1468625,-0.1780633,-0.9302049,0.1789558,0.08005835,0.7141412,1.639918,0.1827564,0.3101966,1.19827,0.2730635,282.3545,355.5872,249.4932
3,0.5111111,-1.433536,0.2612423,-0.3393493,-1.342104,-4.256885,3.104132,0.6150396,1.35849,0.4390252,-0.7429392,0.433977,0.1965603,-1.396013,-4.138621,1.437033,0.486969,1.236689,0.4051774,-0.3428861,0.01859733,0.3225108,-0.6133095,-3.923265,-0.4206756,0.61549,1.590252,0.3611405,-0.1720471,0.1244887,-0.2035555,-0.933112,0.1803189,0.08122801,0.7134362,1.639879,0.182797,0.3049268,1.204505,0.2725415,282.6111,359.0423,245.9779
3,0.5222223,-1.46664,0.280118,-0.3457013,-1.337436,-4.260371,3.116391,0.6117217,1.359216,0.438714,-0.8061805,0.4548794,0.2252682,-1.389956,-4.141041,1.454058,0.4823963,1.239344,0.4046426,-0.3834624,0.0006503463,0.3174037,-0.6100658,-3.921847,-0.4163402,0.6141658,1.590505,0.3608456,-0.181434,0.1363021,-0.190694,-0.9346774,0.1832079,0.08187623,0.7128944,1.639886,0.1828399,0.2998337,1.210705,0.2720017,282.8717,2.298499,242.673
3,0.5333334,-1.508979,0.2941223,-0.3631041,-1.33262,-4.264035,3.128685,0.6081844,1.359879,0.4384656,-0.8570498,0.4764964,0.2459455,-1.382994,-4.143564,1.47217,0.4772729,1.242331,0.4042203,-0.4112654,0.01363468,0.301764,-0.607761,-3.918827,-0.4133612,0.6127015,1.590838,0.3606222,-0.1871091,0.1651703,-0.1384707,-0.9341948,0.186631,0.08212816,0.7121015,1.639892,0.1829515,0.2946779,1.216829,0.2714863,283.1409,5.393479,239.5407
3,0.5444446,-1.543949,0.3110212,-0.3837195,-1.327738,-4.267721,3.140789,0.6046096,1.360653,0.4381952,-0.8845628,0.493718,0.2587567,-1.37585,-4.14637,1.490385,0.4721163,1.245458,0.4038947,-0.4143623,0.04453874,0.3020233,-0.6052694,-3.914136,-0.4126003,0.6112622,1.591244,0.3603077,-0.1991968,0.2058108,-0.09472021,-0.9335727,0.1914577,0.08189487,0.7113011,1.639799,0.1831238,0.2895201,1.223202,0.2709396,283.3361,8.421535,236.5844
3,0.5555557,-1.552278,0.3147002,-0.3892994,-1.322903,-4.27157,-3.129591,0.6007645,1.361606,0.4380074,-0.920781,0.5080717,0.2679146,-1.369072,-4.149004,1.508048,0.4669159,1.248491,0.40344,-0.4163657,0.05511945,0.3138395,-0.6020896,-3.909647,-0.4115135,0.6096817,1.59162,0.3600783,-0.206442,0.2250369,-0.08508097,-0.9340137,0.1953222,0.08217423,0.7104721,1.639723,0.1832867,0.2841384,1.229749,0.2703962,283.7018,11.46351,233.5205
3,0.5666668,-1.562837,0.3261953,-0.3924498,-1.318279,-4.275213,-3.116796,0.5969124,1.362508,0.4376171,-0.9468811,0.5177599,0.2729251,-1.362436,-4.152037,1.52602,0.4614397,1.251822,0.4027822,-0.4298743,0.08049193,0.3450448,-0.5982184,-3.90347,-0.411256,0.607884,1.592057,0.3597238,-0.2256073,0.2550059,-0.1009019,-0.9354588,0.2009246,0.08201338,0.709552,1.639797,0.1834805,0.2787309,1.23637,0.2698677,284.0376,14.46708,230.4978
3,0.577778,-1.586138,0.3388973,-0.4005783,-1.313641,-4.279781,-3.103455,0.5929042,1.363468,0.4371741,-0.9745673,0.5248681,0.2894975,-1.35564,-4.155293,1.544443,0.4560434,1.255103,0.4022515,-0.4349533,0.1134038,0.3623836,-0.5949166,-3.896285,-0.4121396,0.6060992,1.592462,0.3594003,-0.2371247,0.2731912,-0.09228168,-0.9359615,0.2053815,0.08235692,0.7084764,1.6398,0.1835818,0.2733906,1.243478,0.2696514,284.2866,17.30842,227.7605
3,0.5888891,-1.604534,0.3401578,-0.4077622,-1.308832,-4.283958,-3.090143,0.5888637,1.36448,0.4367731,-0.9914846,0.536551,0.2927307,-1.348365,-4.158408,1.563385,0.4504654,1.258654,0.4016697,-0.4581139,0.1666235,0.3768351,-0.5920132,-3.886989,-0.4138424,0.6042387,1.592893,0.3589327,-0.2324908,0.2870395,-0.06464031,-0.9353703,0.2096482,0.0822432,0.7072912,1.639715,0.1837735,0.2680627,1.250617,0.2691428,284.7324,20.10271,225.1181
3,0.6000003,-1.632465,0.328387,-0.4262323,-1.302974,-4.288,-3.075763,0.5846075,1.365731,0.4363723,-1.029673,0.5747693,0.2906061,-1.34065,-4.16097,1.582448,0.4448373,1.262264,0.4006293,-0.4960082,0.2581762,0.3991553,-0.5896846,-3.874178,-0.417643,0.6022397,1.593512,0.3585126,-0.2316968,0.3371249,-0.01677634,-0.933496,0.2153436,0.08137076,0.705826,1.639515,0.1840737,0.2627362,1.258009,0.2693002,285.2896,22.64682,222.6938
3,0.6111114,-1.670007,0.3141788,-0.4497982,-1.297606,-4.291961,-3.061525,0.5804347,1.366988,0.4359639,-1.059414,0.5984074,0.2824967,-1.332634,-4.163386,1.601812,0.4389923,1.266287,0.3999836,-0.5020452,0.2963464,0.427195,-0.5863972,-3.862734,-0.4214926,0.6003523,1.594065,0.3580918,-0.2353639,0.3734193,0.01943457,-0.9316286,0.2218526,0.08018459,0.7046342,1.639572,0.1842747,0.2574213,1.265557,0.2688332,285.9064,25.14232,220.3998
3,0.6222225,-1.694798,0.3115635,-0.4671262,-1.291866,-4.295657,-3.046171,0.5760362,1.36866,0.4355316,-1.106914,0.6292751,0.271457,-1.324793,-4.166337,1.62094,0.4332936,1.270457,0.3995452,-0.5239538,0.3151988,0.4754789,-0.5816845,-3.851445,-0.424399,0.598362,1.594828,0.3576188,-0.2261264,0.37981,0.08431149,-0.9282458,0.2261932,0.07974277,0.7034849,1.639728,0.1844943,0.2520166,1.273689,0.2690022,286.4646,27.48857,218.2888
3,0.6333337,-1.734831,0.3271076,-0.4935662,-1.286156,-4.300141,-3.029644,0.571473,1.370463,0.4351408,-1.167306,0.654049,0.2708597,-1.316205,-4.170238,1.641541,0.4270577,1.275124,0.3989589,-0.5233467,0.3040025,0.5488955,-0.5753781,-3.840209,-0.4280051,0.5965911,1.59573,0.3571737,-0.2239583,0.3350901,0.1131205,-0.9258682,0.2285111,0.08079524,0.7021987,1.63977,0.1845486,0.2465555,1.281721,0.2686188,287.0327,29.60079,216.3377
3,0.6444448,-1.783516,0.3502575,-0.4986376,-1.280376,-4.305227,-3.012388,0.5669132,1.372247,0.4347818,-1.216932,0.6774117,0.2822035,-1.308188,-4.174869,1.663306,0.4207396,1.280341,0.3985028,-0.5143123,0.2757251,0.61679,-0.5680336,-3.830312,-0.4309964,0.5947906,1.596812,0.3567278,-0.2447778,0.2819058,0.08784609,-0.9256259,0.2302279,0.08317691,0.7009787,1.639892,0.1846485,0.2408306,1.290691,0.2683214,287.7461,31.45041,214.5052
3,0.655556,-1.86055,0.3841076,-0.5258107,-1.274165,-4.311797,-2.992759,0.5621802,1.374557,0.434387,-1.297397,0.7164162,0.3145775,-1.299101,-4.18033,1.687133,0.4141182,1.286053,0.3980162,-0.5023418,0.241314,0.655851,-0.5610556,-3.820781,-0.4338686,0.5931604,1.597816,0.3561895,-0.257146,0.2488876,0.04434051,-0.9265148,0.2324604,0.0850888,0.6997516,1.639984,0.1847568,0.2350632,1.299818,0.2678865,288.4461,33.02581,212.9457
3,0.6666671,-1.962629,0.4146914,-0.581105,-1.267378,-4.318467,-2.972416,0.5572729,1.377007,0.4339857,-1.36968,0.7631388,0.3313113,-1.288428,-4.186379,1.712803,0.4077172,1.292185,0.3972223,-0.480974,0.160052,0.6891522,-0.5529436,-3.814977,-0.4341102,0.59208,1.59903,0.3554816,-0.2131644,0.1782664,0.01094563,-0.9275657,0.2321295,0.0862534,0.6987364,1.640102,0.1845961,0.2292378,1.310921,0.2674536,289.3219,33.78655,212.0447
3,0.6777782,-2.039629,0.437728,-0.616177,-1.26007,-4.324929,-2.952371,0.5523444,1.379477,0.4336114,-1.410871,0.8087628,0.3324594,-1.27808,-4.192594,1.73879,0.4011295,1.298321,0.3967829,-0.4745131,0.10658,0.7142652,-0.5446633,-3.808965,-0.4341989,0.5907136,1.600259,0.3549476,-0.1945455,0.126988,-0.01368262,-0.9284003,0.2320459,0.08783425,0.6975665,1.640118,0.1845508,0.2234855,1.321353,0.2669563,290.2722,34.75784,210.9467
3,0.6888894,-2.165054,0.4611429,-0.6634743,-1.251844,-4.332895,-2.930277,0.5473753,1.382328,0.4332128,-1.47626,0.8780789,0.3492635,-1.266401,-4.199356,1.76781,0.3946441,1.304815,0.3956513,-0.4638531,0.008305013,0.7475244,-0.5348011,-3.806749,-0.4313168,0.5895424,1.601566,0.3543906,-0.1915414,0.04908073,-0.09031124,-0.9321234,0.2297496,0.09120794,0.6965787,1.640173,0.1843879,0.2180046,1.332979,0.2663677,291.3157,35.58481,210.0054
3,0.7000005,-2.293382,0.4826591,-0.7112119,-1.24245,-4.340173,-2.906052,0.5420297,1.38559,0.4328427,-1.567749,0.9612616,0.3326566,-1.254309,-4.206656,1.798762,0.3880867,1.311882,0.3947184,-0.448959,-0.1390812,0.7942317,-0.5228882,-3.809035,-0.4247396,0.5883288,1.603075,0.3536413,-0.1947353,0.006371751,-0.1679878,-0.936605,0.2286986,0.094151,0.6955414,1.640255,0.1841283,0.2127693,1.345437,0.2666152,292.3205,36.83295,208.7591
3,0.7111117,-2.394696,0.5051033,-0.7683709,-1.234282,-4.347887,-2.882913,0.5369311,1.388577,0.4324174,-1.617006,1.000741,0.3292678,-1.241615,-4.214742,1.83004,0.3814775,1.31956,0.3942928,-0.4457149,-0.1775629,0.8120357,-0.5129323,-3.806262,-0.4222732,0.5871124,1.604647,0.3529358,-0.189564,-0.001143351,-0.1776174,-0.9386609,0.2286846,0.09623599,0.694543,1.640402,0.1839075,0.2076191,1.358192,0.2664159,293.4841,38.48156,207.0867
3,0.7222228,-2.44258,0.5263132,-0.7831964,-1.22614,-4.35689,-2.857321,0.5319628,1.391941,0.4319694,-1.693659,1.044244,0.3428743,-1.23064,-4.223092,1.860325,0.375092,1.326962,0.3940024,-0.457116,-0.1831405,0.8504487,-0.5022386,-3.801234,-0.4210921,0.5860938,1.606186,0.35216,-0.1833407,-0.02675441,-0.1797717,-0.9406999,0.2274382,0.09873457,0.6935449,1.640409,0.1836412,0.2027111,1.370032,0.2656199,294.5993,40.12288,205.42
3,0.7333339,-2.506139,0.5598522,-0.8161764,-1.218739,-4.366244,-2.832092,0.5269361,1.395283,0.4315813,-1.742736,1.066279,0.3598674,-1.218698,-4.233067,1.892648,0.3685305,1.3351,0.3935716,-0.4693775,-0.1653739,0.9028969,-0.4910198,-3.793231,-0.4225547,0.5851092,1.607874,0.3513572,-0.1773231,-0.06622541,-0.1936286,-0.9435223,0.2252592,0.1018121,0.6927016,1.640476,0.1833436,0.1979907,1.3835,0.265656,295.6891,42.44965,203.1754
3,0.7444451,-2.563343,0.5967844,-0.8416078,-1.211049,-4.37724,-2.803833,0.5218768,1.398967,0.4310811,-1.826356,1.109771,0.3900338,-1.207127,-4.243964,1.925627,0.3623523,1.343175,0.3924623,-0.4698234,-0.1669697,0.975329,-0.4780859,-3.784947,-0.4244916,0.5843514,1.609466,0.3504336,-0.1733681,-0.1056797,-0.2010664,-0.9462014,0.2224111,0.1052558,0.6918217,1.640474,0.1830478,0.1936135,1.396941,0.265511,296.6686,44.70107,201.1137
3,0.7555562,-2.597675,0.6275622,-0.8636662,-1.203284,-4.388688,-2.775129,0.5169402,1.402666,0.4305758,-1.896001,1.152093,0.4117028,-1.195712,-4.255436,1.958803,0.3559892,1.351497,0.3920202,-0.481262,-0.203467,1.018837,-0.4650854,-3.780435,-0.4228083,0.5838387,1.611209,0.3495934,-0.1631624,-0.1568935,-0.2149495,-0.9493956,0.2184728,0.1091063,0.6912411,1.640451,0.1827335,0.1895247,1.410849,0.2655453,297.7492,46.53473,199.3067
3,0.7666674,-2.638516,0.6708861,-0.8952792,-1.195471,-4.401007,-2.745807,0.5119209,1.406545,0.4300122,-1.952688,1.200184,0.4356131,-1.184348,-4.268301,1.99321,0.3500763,1.360382,0.3920236,-0.4982169,-0.2429919,1.043187,-0.4522255,-3.777176,-0.4195262,0.5831479,1.61273,0.3487036,-0.157389,-0.180439,-0.2607759,-0.954046,0.2155352,0.1122815,0.6905763,1.640319,0.1823971,0.1854464,1.424348,0.2655838,298.924,47.83113,197.9367
3,0.7777785,-2.664475,0.7100928,-0.9168704,-1.188459,-4.413522,-2.717232,0.5071977,1.410377,0.4294884,-1.980483,1.225981,0.451938,-1.173503,-4.281907,2.027628,0.3443485,1.369298,0.3916948,-0.4957311,-0.2689207,1.091979,-0.4380974,-3.772211,-0.418622,0.5829303,1.614576,0.3479228,-0.1496109,-0.1954958,-0.3226261,-0.9599476,0.2131313,0.1151101,0.6902012,1.640131,0.181947,0.1820085,1.438308,0.2655257,300.1148,48.97933,196.619
3,0.7888896,-2.681764,0.7502643,-0.9301752,-1.182541,-4.427512,-2.686179,0.502636,1.414499,0.4289267,-2.040126,1.248078,0.4923657,-1.163551,-4.296102,2.062264,0.3389215,1.378567,0.3921382,-0.4817619,-0.3128339,1.121349,-0.4241159,-3.769908,-0.4159109,0.5829562,1.616176,0.3469737,-0.1407568,-0.2403568,-0.367401,-0.9659972,0.2088569,0.1187884,0.6899714,1.639973,0.181602,0.1789356,1.452251,0.2653089,301.2841,49.94097,195.4961
3,0.8000008,-2.684034,0.7690765,-0.927978,-1.177241,-4.44246,-2.653977,0.498334,1.418851,0.4283931,-2.109273,1.276858,0.5385925,-1.154204,-4.310161,2.096264,0.3333818,1.387527,0.3917897,-0.4893695,-0.3447347,1.117975,-0.4111186,-3.768809,-0.4111311,0.5831825,1.617682,0.3460863,-0.1443644,-0.2680715,-0.3907587,-0.9713805,0.2048756,0.1227984,0.6896708,1.639879,0.1812255,0.1761688,1.466165,0.265279,302.3561,50.87732,194.4049
3,0.8111119,-2.683546,0.7988183,-0.9467104,-1.172125,-4.456338,-2.622088,0.493963,1.423102,0.4277992,-2.158641,1.285269,0.5505664,-1.144786,-4.325683,2.13085,0.3284966,1.396662,0.3906012,-0.4650217,-0.3681699,1.108001,-0.3983029,-3.768164,-0.4074786,0.5833196,1.619232,0.3452225,-0.1396028,-0.3086348,-0.4227025,-0.9775798,0.1998725,0.1269076,0.6895071,1.639691,0.1808183,0.1732349,1.479911,0.2652788,303.2885,51.88103,193.3399
3,0.8222231,-2.67501,0.8332915,-0.9646932,-1.167463,-4.471565,-2.587535,0.4900638,1.427828,0.4270103,-2.239466,1.307721,0.5807211,-1.136024,-4.342436,2.166017,0.3238342,1.406425,0.3906341,-0.4149099,-0.4185129,1.129568,-0.3837274,-3.769339,-0.4036961,0.5839085,1.621151,0.3442569,-0.0943141,-0.3590107,-0.4444097,-0.9837291,0.1938711,0.1297319,0.6893806,1.639535,0.1803322,0.1709577,1.493997,0.2655037,304.0583,52.9445,192.2319
3,0.8333342,-2.640862,0.8686978,-0.9685822,-1.163726,-4.48698,-2.554143,0.4860098,1.432304,0.4263613,-2.276347,1.312226,0.6074362,-1.128674,-4.359596,2.200171,0.3191717,1.416055,0.3902943,-0.4107656,-0.517728,1.146915,-0.3679487,-3.778093,-0.3912485,0.5845088,1.622906,0.3432744,-0.06156206,-0.3805269,-0.4585764,-0.989897,0.1888108,0.1320174,0.6891761,1.63937,0.1798961,0.1687383,1.507855,0.265817,304.7761,53.96743,191.1825
3,0.8444453,-2.608428,0.8884532,-0.9779452,-1.160133,-4.503443,-2.517959,0.4824142,1.436826,0.4255865,-2.352084,1.339979,0.6371328,-1.121373,-4.376952,2.234491,0.3147219,1.425854,0.3903289,-0.4019559,-0.5468557,1.194551,-0.3516667,-3.780931,-0.3842225,0.5852531,1.624491,0.3422897,-0.00187099,-0.3734298,-0.4602882,-0.9955721,0.1849669,0.1321522,0.689257,1.639202,0.1793904,0.1670049,1.521552,0.2658008,305.472,55.19814,190.185
3,0.8555565,-2.547066,0.9062634,-1.002017,-1.15953,-4.521252,-2.480761,0.4787351,1.441741,0.4247026,-2.418546,1.332754,0.7184283,-1.114444,-4.395624,2.267241,0.3104542,1.435695,0.3899496,-0.3931231,-0.5150908,1.218148,-0.3368904,-3.776815,-0.3840574,0.5861443,1.626284,0.3412299,0.01097822,-0.3798825,-0.4508292,-1.000777,0.1805128,0.1340638,0.6891787,1.638966,0.1789501,0.1650414,1.535169,0.2661513,306.3586,56.25427,189.2976
3,0.8666676,-2.470932,0.9211673,-1.019458,-1.156786,-4.536409,-2.447516,0.4749224,1.446652,0.423769,-2.403943,1.32715,0.7027107,-1.108209,-4.414088,2.299174,0.306724,1.445638,0.3898678,-0.3897004,-0.5334343,1.251009,-0.3206829,-3.778391,-0.3783188,0.5869963,1.628042,0.3401775,0.01494211,-0.3969859,-0.4700265,-1.007359,0.1754532,0.1364942,0.6893089,1.638783,0.1784008,0.1634171,1.548836,0.2665839,307.3963,57.05415,188.563
3,0.8777788,-2.388108,0.921307,-1.010886,-1.153937,-4.550334,-2.417454,0.471305,1.45192,0.4229224,-2.336329,1.301968,0.6685875,-1.10312,-4.43163,2.330337,0.3032172,1.455588,0.3900893,-0.3505557,-0.5672787,1.347387,-0.3007034,-3.778811,-0.3754732,0.5881781,1.629749,0.3390419,-0.002280414,-0.4320401,-0.4676566,-1.013211,0.1692776,0.1404277,0.6895071,1.638548,0.1777756,0.161565,1.562206,0.2668855,308.3482,57.72732,187.9155
3,0.8888899,-2.273842,0.8938048,-0.9924772,-1.152366,-4.565362,-2.385748,0.4681779,1.457008,0.4220386,-2.307543,1.29029,0.6647063,-1.098686,-4.448085,2.358243,0.299453,1.465374,0.3897867,-0.2489169,-0.588248,1.407064,-0.2815877,-3.779142,-0.3758224,0.5894046,1.631337,0.3379221,0.0068928,-0.4704647,-0.4858096,-1.019958,0.1627334,0.1435012,0.6897033,1.638257,0.1771488,0.1603494,1.575396,0.2669486,309.1479,58.18609,187.4957
3,0.900001,-2.168865,0.8832239,-0.9579999,-1.153181,-4.582185,-2.348266,0.4653016,1.462131,0.4213622,-2.389879,1.282993,0.7147132,-1.095886,-4.464473,2.385891,0.2962539,1.475349,0.3896606,-0.2213466,-0.6170856,1.404466,-0.2645616,-3.785381,-0.3681474,0.5906008,1.6329,0.3369205,0.0474444,-0.5070122,-0.5586375,-1.029361,0.1565212,0.1448999,0.6899618,1.637939,0.1765277,0.1588513,1.588405,0.2671793,309.8777,58.65193,187.1633
3,0.9111122,-2.133656,0.871017,-0.9831232,-1.154601,-4.597551,-2.312857,0.4623846,1.467354,0.4207516,-2.428499,1.257235,0.7461016,-1.091786,-4.482852,2.415571,0.2928359,1.485219,0.3893709,-0.2568599,-0.634806,1.367371,-0.2488575,-3.794065,-0.3556084,0.5916737,1.634417,0.3358166,0.0543372,-0.5401291,-0.5938203,-1.03811,0.1496377,0.1475841,0.6901062,1.637653,0.1759336,0.1580158,1.600911,0.2678695,310.3457,58.9248,186.9837
3,0.9222233,-2.045281,0.8553925,-0.9710144,-1.154891,-4.611555,-2.279433,0.4597402,1.472632,0.4199257,-2.423904,1.228774,0.7275397,-1.088896,-4.500242,2.442699,0.2901461,1.49493,0.3886065,-0.2625215,-0.6388168,1.336487,-0.233482,-3.803161,-0.3434705,0.5928788,1.635942,0.3347502,0.0500322,-0.5602916,-0.587394,-1.045395,0.1432087,0.1504638,0.6904923,1.637427,0.1753194,0.1571477,1.613628,0.2683489,310.7539,59.34195,186.6535
3,0.9333345,-1.933313,0.8428984,-0.9470711,-1.155167,-4.62535,-2.246784,0.4571766,1.477759,0.4191446,-2.413638,1.208291,0.708115,-1.087714,-4.516107,2.466509,0.2874034,1.504439,0.3883915,-0.1795614,-0.5951266,1.303066,-0.2194573,-3.803398,-0.3443568,0.5939646,1.637266,0.3336511,0.03843081,-0.5591455,-0.5766193,-1.052157,0.1373702,0.1533659,0.690653,1.637151,0.1745744,0.1561388,1.625526,0.2686439,311.0542,59.65903,186.3417
3,0.9444456,-1.871046,0.8334522,-0.9408979,-1.156366,-4.639148,-2.214376,0.4546021,1.482862,0.41838,-2.402615,1.187237,0.7037095,-1.086276,-4.53271,2.492015,0.2850111,1.513915,0.387871,-0.1391811,-0.5588487,1.281676,-0.2053563,-3.803495,-0.3439781,0.5950652,1.638623,0.3325148,0.04505223,-0.5729026,-0.5458391,-1.058222,0.1313777,0.1556578,0.6908514,1.636962,0.1738675,0.1552312,1.637594,0.2691024,311.4871,59.98056,185.9629
3,0.9555568,-1.775094,0.8149705,-0.9421681,-1.158939,-4.653182,-2.182815,0.4523458,1.487988,0.417665,-2.376955,1.156432,0.7220886,-1.085234,-4.54901,2.514553,0.2827669,1.523114,0.3876626,-0.1485927,-0.5418617,1.293603,-0.189746,-3.804841,-0.3406814,0.5961657,1.640023,0.3311715,0.05260652,-0.5899687,-0.5277882,-1.064516,0.1242928,0.1582496,0.6909935,1.636681,0.173167,0.1543185,1.64901,0.2693505,311.7505,60.39077,185.5894
3,0.9666679,-1.656763,0.7958022,-0.9294586,-1.161784,-4.666413,-2.151116,0.4500788,1.493178,0.4168608,-2.354931,1.121083,0.7320744,-1.084831,-4.565038,2.535905,0.2808582,1.53234,0.3874197,-0.1432576,-0.5280486,1.295784,-0.1741345,-3.806758,-0.3371581,0.5975093,1.641504,0.3300388,0.06042522,-0.5856187,-0.493854,-1.069965,0.1185818,0.1601439,0.6910841,1.636395,0.1724901,0.1535042,1.660923,0.2696168,312.0831,60.87884,185.2274
3,0.977779,-1.538648,0.7682269,-0.9266244,-1.165135,-4.679588,-2.120507,0.4480254,1.498293,0.4160781,-2.314475,1.0797,0.7409677,-1.084395,-4.580949,2.556015,0.2790385,1.541437,0.387151,-0.1275136,-0.535326,1.266838,-0.1595713,-3.816317,-0.3270359,0.5988109,1.642686,0.3288949,0.05020332,-0.5461189,-0.4746131,-1.075456,0.1141548,0.1620589,0.6911168,1.636061,0.1717956,0.1525318,1.672009,0.2698868,312.2984,61.46901,184.7721
3,0.9888902,-1.415911,0.7286227,-0.945469,-1.167933,-4.691983,-2.091561,0.4462035,1.503463,0.4152029,-2.253853,1.049377,0.7367849,-1.083582,-4.596943,2.574062,0.2771283,1.550199,0.3869438,-0.1096799,-0.5426857,1.245311,-0.1450315,-3.829353,-0.3133438,0.6002253,1.643909,0.3277223,0.03880811,-0.5300506,-0.4542718,-1.080775,0.1087314,0.1645176,0.6912702,1.635809,0.1710677,0.1515948,1.682809,0.270124,312.4323,62.39509,184.0978
3,1.000001,-1.259745,0.6846169,-0.9515797,-1.170649,-4.704152,-2.064136,0.4445935,1.508601,0.4143777,-2.175807,1.018463,0.7208963,-1.082865,-4.612297,2.589664,0.275369,1.558726,0.3863065,-0.1011646,-0.5255769,1.233652,-0.1304901,-3.835543,-0.3064795,0.6015337,1.644957,0.3265283,0.04430491,-0.5545511,-0.4244618,-1.085625,0.1015988,0.1671719,0.691393,1.635572,0.1703913,0.150409,1.69315,0.2702279,312.4607,63.73532,183.2899
3,1.011112,-1.070575,0.6149372,-0.9400831,-1.171567,1.567656,-2.037491,0.4429612,1.513732,0.4135826,-2.106215,1.00364,0.6671824,-1.082036,-4.625369,2.600626,0.2733767,1.566995,0.3859756,-0.1107736,-0.5265983,1.231598,-0.1156211,-3.849396,-0.2911583,0.6028436,1.645965,0.3253551,0.04122829,-0.5555893,-0.4127039,-1.090881,0.09536634,0.1697267,0.6915313,1.635277,0.1696792,0.1487738,1.703012,0.2706983,312.4969,65.31928,182.4112
3,1.022224,-0.9330699,0.5547388,-0.9332222,-1.171248,1.557798,-2.011147,0.4416123,1.518757,0.4127047,-2.066055,0.9879368,0.5930574,-1.080989,-4.638274,2.611978,0.2715793,1.575326,0.3857496,-0.1088042,-0.5029266,1.199805,-0.1024614,-3.859387,-0.2801211,0.6043333,1.646834,0.3240685,0.04035217,-0.5427891,-0.4020667,-1.096002,0.08998968,0.1717851,0.6917958,1.634992,0.168983,0.1471383,1.712322,0.2707286,312.5761,67.16689,181.4429
3,1.033335,-0.7254298,0.4766762,-0.9279825,-1.172136,1.550284,-1.985713,0.4403135,1.52386,0.4120402,-2.042194,0.9122074,0.5368291,-1.079628,-4.64973,2.617148,0.2695666,1.583122,0.3852232,-0.08099413,-0.4966356,1.204947,-0.08807979,-3.873768,-0.2659625,0.6057892,1.647817,0.3230298,0.05555534,-0.5364679,-0.3787886,-1.100306,0.08421115,0.1732831,0.6919857,1.634646,0.1682663,0.1449032,1.720977,0.2714219,312.608,69.20026,180.4271
3,1.044446,-0.5848937,0.4138266,-0.9336222,-1.17286,1.54235,-1.959904,0.4391777,1.528864,0.4112015,-2.029477,0.8763772,0.5020839,-1.078041,-4.662551,2.624421,0.2680774,1.591015,0.3843548,-0.04691434,-0.5021607,1.213116,-0.07331789,-3.901484,-0.2388339,0.6077353,1.648778,0.3218274,0.07473677,-0.5429679,-0.3747184,-1.105287,0.07813448,0.1746035,0.6922919,1.63442,0.1675136,0.1430655,1.729951,0.2731067,312.5942,71.19957,179.4843
3,1.055557,-0.3340988,0.3242387,-1.015398,-1.167438,1.538261,-1.937864,0.4381841,1.533939,0.4102769,-1.973049,0.8251687,0.3297309,-1.074232,-4.677248,2.626033,0.2667453,1.598083,0.3835902,-0.05803764,-0.5700356,1.176498,-0.06023751,-3.991443,-0.1482571,0.609313,1.649682,0.3207057,0.0747124,-0.554689,-0.3715045,-1.110366,0.07169656,0.1766701,0.6926147,1.634105,0.166723,0.1402353,1.737332,0.2738523,312.3592,73.65818,178.5579
3,1.066668,-0.1820402,0.266388,-1.030164,-1.16312,1.533057,-1.916103,0.4375292,1.539054,0.4092381,-1.907993,0.7991406,0.2334622,-1.071803,-4.69,2.628029,0.2649195,1.605545,0.3830411,-0.0585624,-0.6177031,1.138854,-0.04831134,-4.131835,-0.00727256,0.6109427,1.650586,0.3195744,0.07466906,-0.573854,-0.365098,-1.115448,0.06472573,0.1789325,0.6931826,1.633816,0.1659513,0.1377364,1.745079,0.2750617,312.18,75.63666,177.7553
3,1.077779,0.07531446,0.1620368,-0.991227,-1.151929,1.528291,-1.896875,0.437029,1.544297,0.4082673,-1.808041,0.8324456,0.01600379,-1.068103,-4.699097,2.623001,0.26344,1.612308,0.3816254,0.01600528,-0.5847613,1.122478,-0.03665255,-4.2684,0.1263529,0.6125955,1.651414,0.3184977,0.05934787,-0.5780813,-0.4022179,-1.122247,0.05869687,0.1813717,0.6937326,1.633472,0.1651688,0.1342302,1.751214,0.2756694,311.6637,77.18184,177.2353
3,1.08889,0.3031764,0.05763054,-0.9661907,-1.143443,1.522501,-1.87773,0.4368054,1.549267,0.4073188,-1.721771,0.8565837,-0.09091473,-1.063493,-4.70776,2.615493,0.2619263,1.618802,0.3809209,0.05665886,-0.5391626,1.133099,-0.02516261,-4.496369,0.3523074,0.6142128,1.652413,0.317353,0.04948658,-0.5865736,-0.4234105,-1.128765,0.05246201,0.1838633,0.6942056,1.633119,0.1644411,0.1309132,1.756567,0.2757289,310.95,78.14735,177.1187
3,1.100002,0.5257481,-0.06300282,-0.9039505,-1.137852,1.515064,-1.86027,0.4366684,1.554004,0.4063573,-1.601374,0.8729032,-0.08696085,-1.058046,1.568749,2.606033,0.2603979,1.62458,0.3800228,0.03609979,-0.5580678,1.106513,-0.01993323,1.238949,0.9006145,0.6159965,1.653252,0.3160446,0.04085487,-0.5790994,-0.4382253,-1.134943,0.0468454,0.1859992,0.6948231,1.632838,0.1636956,0.1269642,1.761089,0.2763613,310.0792,78.67229,177.3713
3,1.111113,0.7445246,-0.1534451,-0.728094,-1.132403,1.507446,-1.842657,0.4364231,1.558716,0.4054122,-1.509673,0.8858077,-0.08294985,-1.054542,1.56866,2.590666,0.2588436,1.629951,0.3795784,0.02447832,-0.5538419,1.116233,-0.02161209,0.5564863,1.583073,0.6176455,1.654171,0.3148358,0.03128421,-0.5684015,-0.4423957,-1.140972,0.0414075,0.1882565,0.6954287,1.632592,0.1629372,0.1224422,1.764443,0.2765481,309.1827,79.01976,177.5792
3,1.122224,0.864955,-0.2169926,-0.7086411,-1.124919,1.500384,-1.829421,0.4366035,1.562712,0.4047234,-1.343125,0.9014634,-0.1365916,-1.049622,1.562462,2.580503,0.257404,1.635471,0.37901,0.01267231,-0.550597,1.10888,-0.03030038,0.1505903,1.989092,0.6194535,1.655015,0.3134894,0.02717769,-0.5555941,-0.4348908,-1.14639,0.03611553,0.1902597,0.6960471,1.632293,0.1622121,0.1184673,1.768738,0.2768152,308.022,79.58713,177.7933
3,1.133335,1.002556,-0.3049963,-0.7200376,-1.120956,1.494497,-1.813174,0.4366809,1.56691,0.4039493,-1.297689,0.859906,-0.09677243,-1.042675,1.556339,2.566907,0.2561739,1.640201,0.3785136,-0.03055322,-0.5305468,1.15202,-0.04238687,-0.1074692,2.248784,0.6211429,1.655824,0.312145,0.01261055,-0.545891,-0.4070452,-1.15106,0.03060997,0.1928856,0.6966857,1.631949,0.1614909,0.1136296,1.770778,0.2770168,306.321,80.21456,177.9062
3,1.144446,1.182492,-0.4101717,-0.7626566,-1.113155,1.489995,-1.797142,0.4374008,1.570735,0.4030352,-1.266282,0.8543969,-0.1552473,-1.034021,1.547999,2.551903,0.2548039,1.644488,0.377852,-0.02280653,-0.4560554,1.159958,-0.05337667,-0.2716929,2.41296,0.6227279,1.65662,0.3109248,0.0130682,-0.5256342,-0.3740213,-1.154995,0.02547007,0.1949104,0.6974941,1.631742,0.1607335,0.1084443,1.772389,0.2770953,304.8451,81.17348,177.609
3,1.155557,1.305959,-0.5129254,-0.7723908,-1.112792,1.482482,-1.779699,0.4381104,1.574281,0.4023397,-1.248057,0.8101436,-0.01333869,-1.024701,1.54196,2.535074,0.2534967,1.648878,0.3772535,-0.01119465,-0.3865816,1.124145,-0.06347591,-0.3671526,2.507987,0.6242278,1.657547,0.3097689,0.01098174,-0.5288135,-0.3686723,-1.160059,0.01983416,0.1970926,0.6981875,1.6314,0.1599715,0.1031889,1.773037,0.2773066,303.4606,81.93549,177.2736
3,1.166668,1.438032,-0.6251444,-0.8160437,-1.11178,1.477259,-1.765721,0.4389027,1.577867,0.4015095,-1.175111,0.7417504,0.05626768,-1.013659,1.534709,2.517281,0.2525112,1.652409,0.3764207,-0.01880294,-0.3628509,1.091369,-0.07444601,-0.4192302,2.560116,0.6258376,1.658343,0.3087611,-0.003654242,-0.51379,-0.3504142,-1.164306,0.01497416,0.1995392,0.6988516,1.631057,0.1593456,0.09798644,1.77309,0.2776122,302.0352,82.94104,176.9674
3,1.17778,1.547564,-0.7508141,-0.6915714,-1.103958,1.4731,-1.755219,0.4394796,1.581666,0.4003348,-1.044583,0.7555574,-0.0426113,-1.002437,1.5349,2.495971,0.2508624,1.65558,0.3762431,-0.01684266,-0.3573861,1.067947,-0.08611811,-0.4521484,2.592984,0.6273137,1.659219,0.3077281,-0.02876806,-0.5008098,-0.3150183,-1.167738,0.009947971,0.2026804,0.6996838,1.630714,0.1585991,0.09297124,1.772486,0.2777942,300.4471,84.37538,176.4491
3,1.188891,1.735531,-0.8034419,-0.4417937,-1.089031,1.466144,-1.746603,0.43992,1.585743,0.3994207,-0.8623335,0.89375,-0.2085276,-0.9950874,1.543267,2.465532,0.2493278,1.658062,0.3757689,-0.01967305,-0.3386952,0.9892668,-0.09510468,-0.4679005,2.609145,0.6290584,1.660183,0.3066974,-0.03493452,-0.4911756,-0.3000416,-1.171546,0.004977581,0.2051662,0.7004592,1.630408,0.1579723,0.08831289,1.7719,0.2777785,298.8392,85.69041,175.9686
3,1.200002,1.661717,-0.8985859,-0.5021412,-1.074009,1.464127,-1.745491,0.4402291,1.588959,0.3985667,-0.6284348,0.9098509,-0.3846418,-0.982088,1.537781,2.451928,0.2483405,1.660818,0.3748407,-0.01617211,-0.3092999,0.8988864,-0.1023836,-0.4819367,2.623327,0.6305122,1.660916,0.305583,-0.0240761,-0.4635408,-0.2969977,-1.175671,0.001129713,0.2064967,0.7013116,1.63018,0.1573758,0.08343484,1.770066,0.2779418,297.2729,86.65414,175.3734
3,1.211113,1.653541,-0.9876599,-0.4848291,-1.059397,1.460624,-1.740242,0.4407892,1.592328,0.3976319,-0.5145495,0.969021,-0.4926724,-0.9688277,1.536397,2.433594,0.2471085,1.663366,0.3741691,-0.03360033,-0.2854429,0.8438102,-0.1105127,-0.495991,2.638044,0.6316855,1.661391,0.3045874,-0.01737657,-0.4486383,-0.2768498,-1.179029,-0.003166898,0.208064,0.7020878,1.62989,0.1568208,0.07884165,1.767597,0.2776145,296.0662,87.21932,174.6815
3,1.222224,1.684764,-1.081307,-0.4508461,-1.043563,1.457215,-1.73421,0.4414223,1.595167,0.3969483,-0.4404351,1.028693,-0.5977898,-0.9549147,1.536632,2.412403,0.2460105,1.665107,0.3731959,-0.04653776,-0.231886,0.8102112,-0.1178619,-0.5221123,2.665059,0.6329415,1.661937,0.3037438,-0.0205031,-0.4273064,-0.2811758,-1.183703,-0.006681072,0.2097711,0.7032043,1.62973,0.1563609,0.07444382,1.765634,0.2774455,294.3794,87.40627,174.7963
3,1.233335,1.6701,-1.16601,-0.4215637,-1.028892,1.455845,-1.726555,0.4419634,1.597499,0.396354,-0.4594357,1.031942,-0.6587272,-0.9400783,1.53666,2.393144,0.2452515,1.666703,0.3722908,-0.03105718,-0.161027,0.7275063,-0.1225113,-0.5469877,2.689542,0.6338974,1.662028,0.3028615,-0.0254887,-0.4027559,-0.2630453,-1.186853,-0.01008206,0.2114686,0.7039423,1.629515,0.1559796,0.07028542,1.763304,0.2771551,292.8711,88.3361,174.2671
3,1.244446,1.642274,-1.228675,-0.3941331,-1.015821,1.452189,-1.71762,0.4425484,1.59999,0.3954182,-0.4687431,1.057331,-0.657688,-0.9257239,1.536627,2.375031,0.2437637,1.668522,0.3717906,-0.02268755,-0.1214236,0.7000244,-0.128857,-0.5687433,2.711265,0.635146,1.662376,0.3020689,0.002054602,-0.3591582,-0.2005375,-1.187628,-0.01285455,0.2116382,0.7044133,1.629322,0.1555557,0.06604898,1.76074,0.276947,291.5424,90.26055,172.9117
3,1.255558,1.65719,-1.251668,-0.320219,-1.003906,1.450236,-1.709565,0.4429471,1.602041,0.3947392,-0.4818361,1.031251,-0.6467822,-0.9126866,1.539712,2.353387,0.2426401,1.669699,0.3710535,-0.01357287,-0.1093074,0.6414281,-0.133982,-0.5786561,2.720973,0.6362952,1.662677,0.3015413,0.0323301,-0.3422419,-0.1678557,-1.189064,-0.01607018,0.211451,0.7050406,1.629078,0.1551063,0.06207079,1.757927,0.2775407,290.3826,92.65047,170.8763
3,1.266669,1.648519,-1.220261,-0.2584305,-0.9924637,1.448696,-1.702754,0.4434443,1.604379,0.39375,-0.4742352,1.002063,-0.6353223,-0.9021719,1.542245,2.333145,0.2414518,1.670702,0.3697994,-0.02063999,-0.1631817,0.5824945,-0.139604,-0.5690886,2.711921,0.6373202,1.662884,0.3010561,0.06496578,-0.323185,-0.1138728,-1.189109,-0.01943215,0.2109224,0.7054596,1.628884,0.1548142,0.05861757,1.75549,0.2773552,289.4935,95.13522,168.592
3,1.27778,1.599993,-1.191462,-0.2199183,-0.9809365,1.447237,-1.696946,0.443666,1.606366,0.3929195,-0.4455029,0.9753918,-0.626979,-0.8911288,1.54401,2.315347,0.240349,1.671502,0.3686278,-0.0297218,-0.1947702,0.5290528,-0.1450081,-0.5598292,2.703223,0.6382449,1.663092,0.3005743,0.07075405,-0.2922938,-0.08733983,-1.189893,-0.02184485,0.2109463,0.7061293,1.628681,0.1544509,0.05509711,1.752999,0.2764663,288.5152,97.32727,166.5831
3,1.288891,1.500245,-1.164367,-0.1987652,-0.9692106,1.446182,-1.691521,0.444054,1.608231,0.3918817,-0.4204996,0.950857,-0.6287914,-0.8801577,1.545332,2.30027,0.2395972,1.672535,0.3677423,-0.02873579,-0.1786828,0.5142496,-0.1504047,-0.5657887,2.709408,0.6390945,1.663314,0.3000832,0.07417534,-0.2667361,-0.07995046,-1.190925,-0.02389348,0.2107634,0.7067409,1.628505,0.1541412,0.05215426,1.750538,0.2771775,287.5433,98.96873,165.122
3,1.300002,1.383279,-1.118077,-0.1873422,-0.9582725,1.445081,-1.686746,0.4443294,1.610207,0.3908317,-0.3857981,0.9192839,-0.6154448,-0.8698465,1.546043,2.287015,0.2388387,1.67337,0.3667266,-0.04513177,-0.1697563,0.4632986,-0.1542588,-0.5657835,2.710344,0.639807,1.663571,0.2996576,0.06743167,-0.2358781,-0.1321126,-1.194417,-0.02506101,0.2105357,0.7072045,1.628463,0.1540246,0.04969593,1.747815,0.2772136,286.4295,98.88546,165.3265
3,1.311113,1.286476,-1.072873,-0.1735949,-0.9474307,1.443635,-1.682263,0.4445417,1.611942,0.3899474,-0.3491889,0.8998178,-0.6006861,-0.8602878,1.546955,2.274482,0.2382769,1.674424,0.3659358,-0.06668231,-0.1566592,0.4305572,-0.1581609,-0.5678837,2.713909,0.6405001,1.663756,0.2992077,0.07062277,-0.2124795,-0.1460263,-1.196783,-0.0263364,0.2100518,0.7077823,1.628338,0.1538293,0.04779859,1.745728,0.2769367,285.3826,97.99561,166.3719
3,1.322224,1.134463,-0.9722289,-0.1644763,-0.9399366,1.444372,-1.680554,0.4447545,1.612964,0.3890085,-0.2965809,0.794897,-0.5647167,-0.8530238,1.546972,2.266155,0.2376821,1.674756,0.3647645,-0.08173761,-0.1052342,0.3980357,-0.160938,-0.5797251,2.727144,0.6410934,1.663756,0.2987108,0.05897768,-0.1868582,-0.1533917,-1.198849,-0.02731311,0.2100686,0.7082951,1.628218,0.1536555,0.04535273,1.74347,0.2770298,284.2933,97.33016,166.9948
3,1.333336,1.026857,-0.8206053,-0.1326168,-0.9354513,1.44524,-1.678271,0.4449775,1.614015,0.3883004,-0.2761961,0.6604301,-0.4914163,-0.8494861,1.547802,2.257461,0.2372866,1.675343,0.3642859,-0.07780707,-0.06647769,0.3418379,-0.1626675,-0.5876655,2.735361,0.6415731,1.663951,0.2985609,0.04532191,-0.1633367,-0.1479531,-1.200584,-0.02815094,0.2103181,0.7087702,1.628146,0.1534567,0.04374673,1.742034,0.2769737,283.3895,95.84227,168.2903
3,1.344447,0.9489161,-0.6408097,-0.07808381,-0.9320318,1.445545,-1.67497,0.4452696,1.614984,0.3875022,-0.2749752,0.5534804,-0.416575,-0.8487079,1.549733,2.247725,0.2366919,1.675468,0.3634317,-0.08874616,-0.04278734,0.3079836,-0.1644534,-0.5917863,2.7412,0.6422577,1.664339,0.2982421,0.02464375,-0.1375875,-0.1019496,-1.20027,-0.02904736,0.2110265,0.7092464,1.628131,0.1532733,0.04199015,1.740541,0.2765839,282.905,94.16783,169.7631
3,1.355558,0.8713416,-0.4865285,-0.01558346,-0.9335168,1.446426,-1.671404,0.4454009,1.615537,0.386915,-0.2997812,0.3922974,-0.2964558,-0.8485183,1.552871,2.238459,0.2361926,1.675751,0.3625352,-0.09866419,-0.0616755,0.2748877,-0.1667767,-0.5892969,2.740052,0.6426132,1.664347,0.298105,0.01429133,-0.1268526,-0.07948315,-1.200677,-0.03025844,0.2115964,0.7096716,1.628086,0.1531069,0.04042547,1.739443,0.2774901,282.497,93.39037,170.5283
3,1.366669,0.8106482,-0.3983819,0.01857087,-0.9347109,1.446938,-1.667808,0.4454164,1.616164,0.3862381,-0.3132782,0.2686571,-0.200261,-0.8478738,1.555669,2.229638,0.2357808,1.676297,0.3620653,-0.09904083,-0.06454731,0.2322544,-0.1682031,-0.5873259,2.739258,0.6431033,1.664479,0.2978899,0.008078299,-0.1118884,-0.07090723,-1.201283,-0.03097483,0.2119112,0.7100165,1.628008,0.1529522,0.03939038,1.73901,0.2777252,282.1852,93.59905,170.5081
3,1.37778,0.7171239,-0.2948824,0.05355604,-0.9355557,1.447776,-1.664324,0.4454206,1.616843,0.3855817,-0.3296891,0.1801254,-0.139699,-0.8484448,1.558162,2.223459,0.235418,1.676528,0.3612039,-0.08734314,-0.05815057,0.226874,-0.1705701,-0.5911633,2.743512,0.6435143,1.664406,0.2976284,0.005915076,-0.100177,-0.08048706,-1.202705,-0.03153289,0.2120859,0.7104405,1.62795,0.1528533,0.03819484,1.737904,0.2775269,281.7745,94.24501,170.1467
3,1.388891,0.6518586,-0.2175948,0.07778554,-0.9353863,1.448923,-1.661239,0.445527,1.617556,0.3849354,-0.3326613,0.1359977,-0.1216487,-0.8493242,1.560778,2.216924,0.2351289,1.677077,0.3607094,-0.0908663,-0.05998771,0.1896025,-0.1716354,-0.5891175,2.742599,0.6439335,1.664539,0.2974312,0.01100658,-0.1045014,-0.1007764,-1.204762,-0.03259043,0.212157,0.7108737,1.627894,0.1527908,0.0374439,1.737706,0.2776234,281.6285,93.51368,171.1161
3,1.400002,0.5770028,-0.1774756,0.06953785,-0.9349613,1.449625,-1.658748,0.4456308,1.618201,0.384249,-0.3183326,0.1029031,-0.1014861,-0.8488134,1.561638,2.21248,0.2349789,1.677473,0.3597231,-0.09748875,-0.05762193,0.1609218,-0.1727518,-0.587889,2.742607,0.6444909,1.664634,0.2971311,0.006729871,-0.09596659,-0.1071236,-1.206115,-0.03317486,0.2123978,0.7112558,1.627776,0.1527343,0.03685353,1.736967,0.2771962,281.455,91.97392,172.8003
3,1.411114,0.5064778,-0.1548081,0.04028599,-0.9330167,1.45035,-1.657127,0.4458324,1.618886,0.383528,-0.2807129,0.1050778,-0.1129813,-0.8480442,1.561546,2.2091,0.2349262,1.678106,0.3592288,-0.09750036,-0.04479314,0.1546306,-0.1742826,-0.5908493,2.746528,0.6449558,1.664804,0.2968099,-0.002765864,-0.07247986,-0.111318,-1.207447,-0.03289909,0.2125951,0.7116566,1.627721,0.1526215,0.03628466,1.736785,0.2771741,281.2097,90.23086,174.5751
3,1.422225,0.468744,-0.1358422,0.02069436,-0.9313644,1.451111,-1.655271,0.4460873,1.619611,0.3828139,-0.2563522,0.1039705,-0.1172403,-0.8472202,1.561311,2.205143,0.2348446,1.678452,0.3581684,-0.09110952,-0.03946885,0.153533,-0.1756989,-0.5932934,2.749838,0.6452559,1.664895,0.2965987,-0.01553637,-0.0724052,-0.1101097,-1.20864,-0.03351069,0.2133911,0.7119681,1.627704,0.152462,0.03565414,1.736058,0.276867,280.9763,88.22668,176.4992
3,1.433336,0.4073344,-0.09675023,0.0201125,-0.9307609,1.451804,-1.653857,0.4463862,1.620129,0.3820879,-0.2322923,0.08021506,-0.1050721,-0.847535,1.561509,2.202395,0.2350521,1.678667,0.3571665,-0.08666488,-0.02789354,0.1685081,-0.1780973,-0.5982882,2.755323,0.6456943,1.665193,0.2964005,-0.01658422,-0.08730063,-0.1004907,-1.209737,-0.03489553,0.2140691,0.7123543,1.627713,0.1524088,0.03521035,1.735831,0.2767321,280.7741,86.19602,178.4102
3,1.444447,0.3778912,-0.07913902,0.03629685,-0.9314598,1.452945,-1.652618,0.446645,1.620613,0.3815134,-0.2164762,0.04033513,-0.0815049,-0.8476277,1.563117,2.198123,0.235076,1.679113,0.3567233,-0.07900991,-0.0152606,0.1866432,-0.1803882,-0.605581,2.763112,0.6461828,1.665448,0.296155,-0.02604544,-0.08935918,-0.08759638,-1.210406,-0.0359544,0.2149672,0.7127432,1.627728,0.1522567,0.03486404,1.735193,0.2757894,280.577,84.31956,180.241
3,1.455558,0.3138415,-0.07419635,0.06131533,-0.9312701,1.453337,-1.651142,0.4468364,1.621123,0.3810043,-0.2005105,0.02902785,-0.07044664,-0.8471473,1.565188,2.195437,0.2352392,1.679335,0.3560421,-0.07919259,-0.01083015,0.1632341,-0.1812505,-0.6073545,2.76567,0.6465169,1.665594,0.2960284,-0.03127228,-0.08186485,-0.08222593,-1.211279,-0.0364612,0.2156721,0.7131509,1.627664,0.1521208,0.03481862,1.734907,0.2753369,280.3754,82.56174,181.9352
3,1.466669,0.2481445,-0.07729462,0.07360388,-0.9310315,1.453952,-1.650317,0.4469489,1.621407,0.3807187,-0.175497,0.02246553,-0.06547965,-0.8464064,1.567007,2.193598,0.235353,1.679652,0.3556805,-0.07199869,-0.03305273,0.1406296,-0.1823594,-0.6034881,2.762434,0.6469628,1.665774,0.2958684,-0.03338271,-0.06801514,-0.08754554,-1.212442,-0.03647305,0.2161592,0.7136574,1.627633,0.1520629,0.03499598,1.734644,0.2747209,280.1728,82.69346,181.698
3,1.47778,0.2288914,-0.07169675,0.08220214,-0.9306182,1.45472,-1.649047,0.4471599,1.621845,0.3803253,-0.1708221,0.01691802,-0.06633739,-0.8460048,1.568599,2.190647,0.23544,1.679893,0.354707,-0.06774093,-0.03947754,0.1416075,-0.1841544,-0.6025571,2.761978,0.6474122,1.665918,0.2956324,-0.02260213,-0.06273855,-0.07914476,-1.213148,-0.03689743,0.2160511,0.7140756,1.627607,0.1519914,0.03494712,1.734322,0.2740101,280.0135,82.75082,181.5704
3,1.488891,0.1982315,-0.08114175,0.08344656,-0.9302896,1.455621,-1.647814,0.4473882,1.622028,0.3800249,-0.1678244,0.01535822,-0.06633514,-0.8450508,1.570243,2.188372,0.2356226,1.680174,0.3542745,-0.07959171,-0.05107803,0.132022,-0.1854364,-0.5993941,2.760321,0.6477949,1.665786,0.2954705,-0.02149716,-0.05529747,-0.07916051,-1.214049,-0.03723272,0.216377,0.7144889,1.62759,0.1519637,0.0349901,1.734253,0.2734938,279.9359,83.66448,180.5957
3,1.500003,0.1709091,-0.1076259,0.07711232,-0.9291545,1.455993,-1.646167,0.4476061,1.622375,0.3795965,-0.1660056,0.03072211,-0.07055379,-0.8429965,-4.711831,2.186576,0.2358005,1.680374,0.3529932,-0.07410446,0.001105983,0.1313106,-0.1861715,-0.6115891,2.772835,0.647952,1.665932,0.2953484,-0.02765063,-0.04140144,-0.06419132,-1.214124,-0.03732394,0.2169507,0.714758,1.627546,0.1519425,0.03498632,1.734116,0.2719609,279.9116,84.26624,179.9846
3,1.511114,0.131288,-0.1379666,0.05715987,-0.9255624,1.456867,-1.644892,0.4477414,1.622702,0.3792922,-0.1607927,0.077024,-0.1143224,-0.8404372,-4.711401,2.186035,0.2359992,1.680696,0.3524237,-0.07095799,7.18534E-05,0.1259487,-0.1872953,-0.6139015,2.775773,0.6482651,1.666064,0.2952135,-0.03079654,-0.03498862,-0.06310298,-1.214824,-0.0373298,0.2173565,0.715115,1.627479,0.151906,0.03514507,1.734001,0.2709301,279.8739,84.75836,179.5356
3,1.522225,0.09102174,-0.15939,0.03089417,-0.9228055,1.457988,-1.64418,0.4481052,1.623024,0.3788722,-0.1478089,0.09929924,-0.1402753,-0.837896,-4.71176,2.186452,0.2362147,1.680921,0.3511503,-0.07656208,-0.02102243,0.1002734,-0.1880101,-0.6088531,2.771733,0.6486798,1.66619,0.2951469,-0.02534796,-0.01798421,-0.06106102,-1.21554,-0.03697453,0.2172908,0.7155966,1.627549,0.1518285,0.03523375,1.733906,0.2704863,279.8005,84.89503,179.4601
3,1.533336,0.07211636,-0.1672298,0.01633192,-0.9198665,1.459036,-1.643481,0.4482795,1.623418,0.3784814,-0.1375762,0.1159018,-0.1602771,-0.8357719,-4.71173,2.186022,0.2364421,1.681117,0.3502369,-0.07901917,-0.02393004,0.06192914,-0.1876841,-0.6055143,2.769161,0.6489779,1.666333,0.2950509,-0.0262481,-0.007309589,-0.0514797,-1.215749,-0.03660968,0.2174378,0.7160332,1.62754,0.1517906,0.03534838,1.733857,0.2701201,279.7705,84.85611,179.5589
3,1.544447,0.06723978,-0.1607662,0.015463,-0.9179837,1.460019,-1.642685,0.4484782,1.62371,0.3780479,-0.1333061,0.1163793,-0.1608657,-0.8342869,-4.711198,2.184984,0.2365949,1.681403,0.3497257,-0.08860934,-0.01749874,0.06203441,-0.1881784,-0.6064014,2.771474,0.6493244,1.666377,0.2949004,-0.03576347,0.005521424,-0.05139598,-1.216198,-0.03611246,0.2180199,0.7163996,1.627522,0.1517694,0.03540134,1.733752,0.2689694,279.7131,85.14255,179.3346
3,1.555558,0.07275739,-0.1383003,0.02237844,-0.9176481,1.460534,-1.641699,0.4486752,1.623936,0.3775837,-0.1295957,0.09064244,-0.1318956,-0.8337223,-4.71034,2.18352,0.2366312,1.681504,0.3488355,-0.08853517,-0.005802371,0.06427408,-0.188914,-0.6108055,2.776683,0.6495738,1.666377,0.294714,-0.03572587,0.01616838,-0.05354253,-1.216753,-0.03540833,0.2181915,0.7168069,1.627507,0.1517472,0.03547293,1.733684,0.2681056,279.6937,85.63759,178.9924
3,1.566669,0.07795084,-0.1081801,0.03050977,-0.9177679,1.461404,-1.641588,0.4488647,1.624173,0.3771436,-0.1148149,0.05971324,-0.1100862,-0.833775,-4.709356,2.181874,0.2368155,1.681695,0.3484421,-0.094782,-0.02193328,0.08657748,-0.1908112,-0.6102122,2.777364,0.6499697,1.666546,0.2944717,-0.02824068,0.01718737,-0.05148675,-1.217146,-0.03523109,0.2181832,0.7170711,1.627466,0.1516855,0.0356468,1.733649,0.2678988,279.6542,85.10261,179.6222
3,1.577781,0.06858324,-0.0916146,0.03011099,-0.9169934,1.461871,-1.641606,0.4490511,1.624411,0.3766968,-0.09215734,0.05147138,-0.1006443,-0.8323689,-4.709357,2.181585,0.2368734,1.681495,0.3419812,-0.1042554,-0.04014674,0.1046444,-0.1929625,-0.6088869,2.77738,0.6502944,1.666604,0.2942574,-0.033601,0.01507694,-0.05355637,-1.217775,-0.03511684,0.2187166,0.7175134,1.627406,0.1515892,0.03586458,1.733659,0.2671865,279.6216,84.23095,180.5154
3,1.588892,0.03968512,-0.05455003,0.03466085,-0.9171959,1.462003,-1.641866,0.4492281,1.62455,0.376431,-0.0658832,0.03467491,-0.0750567,-0.8329281,-4.708912,2.181921,0.2370841,1.681662,0.3417933,-0.1139085,-0.02831055,0.0930996,-0.1935681,-0.6103663,2.780471,0.6505493,1.666639,0.2941241,-0.04740847,0.01835468,-0.05128605,-1.218168,-0.03467822,0.2195933,0.7179605,1.627381,0.1515148,0.03607588,1.733734,0.2670376,279.6069,82.75568,181.938
3,1.600003,0.02778756,-0.03090859,0.03660774,-0.9182435,1.46231,-1.641565,0.449587,1.624479,0.3761952,-0.05939344,0.005090971,-0.04345075,-0.8332626,-4.708393,2.18193,0.2374544,1.681734,0.3413932,-0.09906609,-0.008000553,0.07714868,-0.1936427,-0.6136414,2.78413,0.6507803,1.666694,0.2939489,-0.05696449,0.02479137,-0.05225364,-1.218544,-0.03417036,0.2203199,0.7183399,1.627428,0.1514828,0.03642308,1.73383,0.2664192,279.6431,82.32642,182.3586
3,1.611114,0.01997458,0.005604553,0.04923778,-0.9199538,1.46274,-1.641305,0.4498198,1.624413,0.3760324,-0.0601906,-0.03115777,-0.01347333,-0.8343832,-4.707509,2.181537,0.2377,1.681781,0.3412259,-0.08330771,0.001759183,0.0483216,-0.1930291,-0.614907,2.78572,0.651046,1.666733,0.2938535,-0.06121007,0.03332985,-0.05541817,-1.219133,-0.03336328,0.220861,0.7187229,1.627383,0.1514013,0.03668704,1.733988,0.2663119,279.742,81.76658,182.8475
3,1.622225,0.00488466,0.03354572,0.05969195,-0.9216162,1.463185,-1.640879,0.450036,1.624366,0.3758838,-0.06405483,-0.0562526,0.009266779,-0.8356989,-4.706362,2.181571,0.2380627,1.681805,0.3409572,-0.06328764,-0.01841043,0.02988389,-0.1932368,-0.6089623,2.779956,0.6514801,1.66675,0.2937553,-0.06318711,0.04187326,-0.04581542,-1.219036,-0.03264916,0.2213031,0.7189912,1.62731,0.1513438,0.03701822,1.734123,0.2654915,279.8138,81.40168,183.2112
3,1.633336,-0.006558638,0.04444505,0.0657157,-0.9226165,1.46356,-1.640652,0.4502206,1.624342,0.3756251,-0.05992085,-0.06679428,0.01722834,-0.8364632,-4.705348,2.181503,0.2383845,1.681845,0.3407052,-0.05269721,-0.02052399,0.02338345,-0.1933812,-0.607558,2.778754,0.651801,1.666793,0.2936108,-0.06541903,0.03548281,-0.05217456,-1.219778,-0.03230681,0.2219859,0.7193816,1.627324,0.1512709,0.03740901,1.734181,0.2653806,279.826,80.9279,183.7302
3,1.644447,-0.03012235,0.04911334,0.06165103,-0.9233291,1.464174,-1.640735,0.4505091,1.624273,0.3754845,-0.05369623,-0.06825295,0.01493672,-0.8370134,-4.704901,2.182584,0.2387626,1.681845,0.3403873,-0.0463031,-0.009856064,0.01914739,-0.1933828,-0.6091961,2.78061,0.6520411,1.666664,0.2932913,-0.06126199,0.02265735,-0.05539202,-1.220543,-0.03248977,0.2225899,0.7197636,1.627387,0.1510913,0.03777123,1.734139,0.2646053,279.7917,80.33907,184.4477
3,1.655559,-0.03479087,0.04158563,0.05166193,-0.9237728,1.464721,-1.64064,0.4508128,1.624257,0.375308,-0.05212881,-0.06378496,0.01054655,-0.8369399,-4.704771,2.183128,0.239161,1.681899,0.3401618,-0.04839388,-0.004540112,0.02028122,-0.1937647,-0.6100471,2.781828,0.6523716,1.666663,0.2931194,-0.05467901,0.02264283,-0.03735051,-1.22033,-0.03234249,0.2228869,0.72014,1.627346,0.1509771,0.03818513,1.734087,0.2645231,279.8152,79.63882,185.2753
3,1.66667,-0.03144276,0.02299704,0.04573977,-0.9229094,1.464933,-1.640841,0.4511458,1.624282,0.3751049,-0.0372565,-0.03715779,-0.00630489,-0.8365585,-4.704336,2.183069,0.2394903,1.681902,0.339927,-0.03138081,0.005045505,0.01487006,-0.1934403,-0.6120272,2.78377,0.6526747,1.666667,0.2930214,-0.04496601,0.02259706,-0.02573035,-1.220116,-0.03224755,0.222999,0.7205064,1.627308,0.1508756,0.03845958,1.733872,0.2638857,279.8127,79.91039,185.1597
3,1.677781,-0.01821749,0.01036639,0.036559,-0.9228184,1.465199,-1.640938,0.451463,1.624295,0.3749502,-0.02966883,-0.02736743,-0.01067813,-0.8362437,-4.704165,2.182646,0.2397782,1.68188,0.3396749,-0.0217222,0.01350256,0.01910684,-0.1935639,-0.6145379,2.785999,0.6530589,1.666781,0.2928941,-0.04064523,0.02364194,-0.02043648,-1.219954,-0.03203077,0.2232837,0.7207682,1.62718,0.1508503,0.03868308,1.733762,0.2631911,279.831,80.24015,184.9257
3,1.688892,0.03135512,-0.003516221,0.02726556,-0.9224359,1.465454,-1.640515,0.4518718,1.624408,0.3747139,-0.03478136,-0.01592428,-0.01640689,-0.8358326,-4.70387,2.180336,0.2401094,1.681813,0.3395076,-0.01429438,-0.01106178,0.0241803,-0.1943149,-0.610512,2.781979,0.6536034,1.666771,0.2927353,-0.03095789,0.02360266,-0.0109496,-1.219665,-0.03180121,0.2231979,0.7211553,1.627122,0.1507344,0.03887789,1.733593,0.2632468,279.89,80.99514,184.3098
3,1.700003,0.06279721,-0.02819784,0.01687601,-0.9213483,1.465137,-1.6401,0.4522049,1.624573,0.3743939,-0.02959852,0.00952909,-0.02479937,-0.8347657,-4.703692,2.178439,0.240481,1.681892,0.3393846,-0.005854938,-0.02916949,0.020784,-0.1948944,-0.6068122,2.778131,0.654074,1.666785,0.2925744,-0.02160767,-0.0009696912,-0.02059789,-1.220366,-0.03253198,0.223359,0.7215952,1.62704,0.1505334,0.0389703,1.733348,0.26257,279.8666,81.95824,183.435
3,1.711114,0.06914059,-0.05265795,0.001126513,-0.9201898,1.464825,-1.640187,0.4525604,1.624775,0.374135,-0.0143822,0.02907105,-0.03040998,-0.8333926,-4.704008,2.177678,0.2408177,1.681929,0.3392534,-0.00685988,-0.02387614,0.0251018,-0.1954068,-0.607146,2.778476,0.6545337,1.666753,0.2922297,-0.02176053,-0.01484475,-0.02802711,-1.221039,-0.03326941,0.2238781,0.7220612,1.627069,0.1503313,0.0391207,1.733107,0.2626221,279.7651,82.7285,182.7488
3,1.722225,0.09162131,-0.06842569,-0.009323198,-0.9180369,1.463989,-1.640211,0.4529832,1.624929,0.3739822,0.006964183,0.06402542,-0.0423452,-0.8321984,-4.704164,2.175863,0.2411324,1.681997,0.3391008,-0.002275296,-0.000669118,0.05506576,-0.196529,-0.614818,2.786027,0.6549369,1.66668,0.2920344,-0.02090887,-0.03297742,-0.03866081,-1.222039,-0.03411416,0.2243729,0.7224412,1.627027,0.1501336,0.03922522,1.732732,0.2618846,279.6785,82.56815,182.9138
3,1.733337,0.09765051,-0.08822484,-0.02052587,-0.9168853,1.463511,-1.639668,0.4533528,1.62517,0.3738661,0.002431142,0.07073456,-0.04197574,-0.8306069,-4.704504,2.174617,0.241493,1.682121,0.3390553,-0.003257681,-0.0007337388,0.06254165,-0.1976295,-0.6159775,2.786957,0.6553049,1.666767,0.2918937,-0.02096622,-0.04896217,-0.03544755,-1.22268,-0.03521258,0.2250086,0.7228612,1.627069,0.1499712,0.03936424,1.732444,0.2619169,279.5794,82.46199,183.058
3,1.744448,0.104977,-0.09886548,-0.02448437,-0.9154552,1.46258,-1.638989,0.4537935,1.625294,0.3739259,0.004991234,0.09098063,-0.04196288,-0.8293062,-4.704547,2.173213,0.2417728,1.682168,0.3390403,0.002025589,-0.0007172525,0.05928985,-0.1979304,-0.6166632,2.787692,0.6557234,1.666734,0.2917199,-0.02297914,-0.04786784,-0.02477465,-1.222718,-0.03576106,0.2255237,0.7232106,1.627033,0.1497734,0.03935428,1.732082,0.2611773,279.4294,82.18388,183.3331
3,1.755559,0.1228343,-0.1018881,-0.02576625,-0.9144576,1.462197,-1.638313,0.4541357,1.625456,0.3739109,-0.002190226,0.0934306,-0.04009324,-0.8281978,-4.704658,2.171405,0.2420722,1.682357,0.3389509,0.008427862,0.003532108,0.0571455,-0.1985674,-0.6183875,2.788816,0.6561154,1.666813,0.2916203,-0.01972301,-0.04681078,-0.01948375,-1.222847,-0.03620261,0.2257972,0.7235705,1.627024,0.1496093,0.0393501,1.731764,0.2612502,279.2902,81.91249,183.5637
3,1.76667,0.1325839,-0.1004703,-0.02567304,-0.9133742,1.461745,-1.637374,0.4544997,1.625666,0.3738039,-0.01368664,0.0956974,-0.03891256,-0.8272801,-4.70464,2.169502,0.2423328,1.68249,0.3388634,0.02100462,-0.001676783,0.03781337,-0.1982713,-0.617695,2.787798,0.6564423,1.666845,0.2915063,-0.009013616,-0.04794263,-0.01321802,-1.223205,-0.03696867,0.2258334,0.7239428,1.627008,0.1493702,0.03849279,1.73052,0.2540891,279.1306,82.32701,183.1689
3,1.777781,0.1549956,-0.09576788,-0.03139444,-0.9126163,1.461094,-1.636541,0.4548694,1.625894,0.3734493,-0.01752434,0.08999524,-0.03280548,-0.826348,-4.705018,2.16724,0.2425533,1.682443,0.3386517,0.02518361,-0.01015262,0.03132492,-0.1985791,-0.6167579,2.786507,0.6568129,1.66696,0.2911949,-0.01325659,-0.04686053,-0.012104,-1.223352,-0.03760397,0.226362,0.7240678,1.62698,0.1491752,0.03849699,1.730219,0.2540833,279.0105,82.08592,183.406
3,1.788892,0.1677199,-0.08837911,-0.02728164,-0.9117742,1.46058,-1.635909,0.4552512,1.626123,0.3732505,-0.01754764,0.08916907,-0.02885511,-0.8258063,-4.704882,2.164805,0.2427935,1.682505,0.3385222,0.02199019,-0.01548567,0.03344272,-0.1991304,-0.6157724,2.785404,0.6572027,1.667029,0.2909551,-0.01859813,-0.04363972,-0.01524934,-1.223704,-0.03792807,0.22686,0.7244065,1.626952,0.1489642,0.03848546,1.729875,0.2541,278.8875,81.49587,184.0203
3,1.800003,0.1743946,-0.08084425,-0.03182432,-0.911101,1.46014,-1.635789,0.4556154,1.626306,0.3730326,-0.006553132,0.08236865,-0.02533589,-0.8252854,-4.70527,2.162931,0.2431039,1.682529,0.3384366,0.0115495,-0.003867272,0.05066882,-0.2000929,-0.6197397,2.789147,0.6574488,1.666984,0.2904911,-0.01979103,-0.04792339,-0.02482908,-1.224594,-0.03863048,0.2274033,0.7247859,1.626932,0.1486506,0.0384608,1.729488,0.2543745,278.8168,80.30092,185.2932
3,1.811115,0.1801578,-0.07387699,-0.03400159,-0.9104027,1.459897,-1.635868,0.4559454,1.626462,0.3728418,0.002126976,0.07440596,-0.02338513,-0.8248081,-4.705512,2.160842,0.2433257,1.682562,0.3383734,0.004236028,0.009918552,0.06043256,-0.2009701,-0.6235731,2.792835,0.6577845,1.66709,0.2903316,-0.02193466,-0.05642607,-0.0215971,-1.224919,-0.03951945,0.2279895,0.7251178,1.626953,0.1484756,0.0384535,1.729141,0.2544804,278.7617,79.44386,186.2323
3,1.822226,0.1828839,-0.05439822,-0.0335589,-0.9105886,1.459757,-1.635979,0.4562159,1.626475,0.3726745,0.005080749,0.05377787,-0.01223438,-0.8250079,-4.705876,2.158979,0.2434996,1.682528,0.3383355,0.008328989,0.0004308522,0.04646714,-0.2009717,-0.6222436,2.791575,0.6581774,1.667125,0.2901897,-0.02825128,-0.05532599,-0.01512314,-1.224794,-0.04038191,0.2288042,0.7252067,1.626848,0.1483123,0.03830533,1.729011,0.2548264,278.706,78.87454,186.9199
3,1.833337,0.1911536,-0.03598399,-0.02980961,-0.910751,1.459493,-1.635708,0.4565532,1.626543,0.3724289,0.001094852,0.03788598,-0.003088889,-0.8252928,-4.706004,2.156681,0.2437141,1.682453,0.3383198,0.01888382,0.005829658,0.03361946,-0.2006777,-0.6234995,2.792267,0.6585124,1.667254,0.2900507,-0.03126942,-0.04357489,-0.004457081,-1.22454,-0.04058218,0.2293275,0.7254946,1.626813,0.1480889,0.03825967,1.728812,0.2552197,278.6521,78.7682,187.112
3,1.844448,0.1990559,-0.02067313,-0.02745425,-0.9109252,1.458922,-1.63541,0.4568883,1.626626,0.3722284,0.001617329,0.03183294,0.009490242,-0.8257083,-4.706148,2.154244,0.2439244,1.682384,0.3383036,0.02093992,0.005888525,0.02507902,-0.2006543,-0.6237811,2.792264,0.6588418,1.667274,0.2898314,-0.02691024,-0.04465101,0.005108414,-1.224015,-0.04135556,0.2296886,0.7256193,1.62667,0.1479061,0.0383097,1.728337,0.2555066,278.5603,78.97243,187.0338
3,1.855559,0.2017665,-0.01552087,-0.02576904,-0.9112837,1.458742,-1.635239,0.4572313,1.626689,0.3719447,0.001229653,0.01939422,0.01489394,-0.8257381,-4.706203,2.151979,0.24414,1.682326,0.3382392,0.02197639,0.0005621873,0.02397441,-0.2011422,-0.6233951,2.791664,0.6592197,1.667312,0.289716,-0.02158492,-0.05107626,0.00825996,-1.224031,-0.04242495,0.2300827,0.7258486,1.626587,0.147584,0.03827149,1.72801,0.2556882,278.4907,78.73696,187.3362
3,1.86667,0.1946822,-0.007570267,-0.02858029,-0.9113811,1.458509,-1.635652,0.4574866,1.626755,0.3717816,0.01344497,0.01401645,0.0152527,-0.8260747,-4.70659,2.150329,0.244325,1.68228,0.3381934,0.007102953,-0.01012041,0.03254605,-0.201849,-0.6216193,2.790053,0.6595181,1.667341,0.2895021,-0.0247626,-0.0478624,0.008287909,-1.224054,-0.04288502,0.2306338,0.7261182,1.626507,0.1473675,0.03823752,1.727626,0.2557713,278.4003,77.9996,188.147
3,1.877781,0.18274,-0.002565339,-0.02251983,-0.9114935,1.458044,-1.635735,0.457691,1.626797,0.3715563,0.01829352,0.0093852,0.01873212,-0.8262809,-4.70645,2.14871,0.2444772,1.682207,0.3382013,0.003934558,-0.007984867,0.03578769,-0.2023496,-0.6238484,2.792686,0.659842,1.66718,0.2892191,-0.02584141,-0.04042346,0.002953347,-1.224379,-0.04323309,0.2311078,0.7264227,1.626613,0.1471558,0.03816862,1.727151,0.2559411,278.3292,76.91796,189.2409
3,1.888893,0.1671439,-0.001847655,-0.01740166,-0.9114946,1.45756,-1.635838,0.4578744,1.626819,0.3714178,0.02281986,0.01093367,0.0210681,-0.826364,-4.70636,2.147311,0.2445637,1.682109,0.3381996,-0.0163292,-0.004696477,0.02853744,-0.2025361,-0.6225609,2.791824,0.6601325,1.666888,0.2886884,-0.02596312,-0.03831402,-0.009833144,-1.225004,-0.04345773,0.2314772,0.7267013,1.626547,0.1469402,0.03811032,1.726782,0.2559418,278.2804,75.82798,190.2951
3,1.900004,0.1621209,-0.002014428,-0.01319881,-0.9116554,1.457039,-1.635677,0.458029,1.626827,0.3712666,0.02161046,0.009258781,0.02552336,-0.826463,-4.706209,2.145679,0.2446672,1.682052,0.3382063,-0.02048184,-0.001569292,0.04137671,-0.2032088,-0.625514,2.79525,0.6603196,1.666885,0.288518,-0.02707284,-0.02769245,-0.02049734,-1.225735,-0.04353496,0.231744,0.7271046,1.626474,0.1467397,0.03793113,1.726616,0.2558968,278.2751,75.05706,191.0221
3,1.911115,0.1506467,-0.003829926,-0.00755747,-0.9117438,1.456684,-1.635609,0.45813,1.626764,0.3712347,0.02056385,0.009259438,0.02705338,-0.8264551,-4.705872,2.144203,0.2447645,1.681958,0.3382494,-0.02586514,-0.002573588,0.0350203,-0.203375,-0.6253421,2.795501,0.6604582,1.666926,0.2885292,-0.02161033,-0.01918603,-0.01204637,-1.225565,-0.04347038,0.2317808,0.727381,1.626401,0.1465194,0.03781153,1.726291,0.2560046,278.2413,74.95927,191.1323
3,1.922226,0.1286527,-0.01403202,-0.01636141,-0.9115255,1.456317,-1.635549,0.4582706,1.626765,0.3711488,0.02129326,0.01549328,0.02291382,-0.8259469,-4.70644,2.143874,0.2448767,1.68183,0.3383343,-0.02827018,-0.01514964,0.009363137,-0.2026229,-0.6209831,2.791794,0.660675,1.666897,0.2883921,-0.02147789,-0.01173153,-0.003529716,-1.225206,-0.04370167,0.2320889,0.727756,1.626417,0.1462777,0.03778857,1.726089,0.256137,278.2351,75.04947,191.0745
3,1.933337,0.1148098,-0.01872664,-0.02314318,-0.9109902,1.455712,-1.635679,0.4583413,1.626688,0.371124,0.02901212,0.02620907,0.0182615,-0.8255751,-4.706917,2.143339,0.2449822,1.681685,0.3383608,-0.03156465,-0.02145729,-0.001302636,-0.2025558,-0.6179599,2.789093,0.6607808,1.66691,0.2883317,-0.02664504,0.002162768,0.003958032,-1.224738,-0.0431725,0.2323757,0.7280118,1.626396,0.1460762,0.03787491,1.726014,0.2563607,278.3745,75.40768,190.782
3,1.944448,0.08045737,-0.03837183,-0.02879467,-0.9104837,1.454611,-1.635987,0.4585429,1.626551,0.3711572,0.04670868,0.03821998,0.02111875,-0.824699,-4.707265,2.14341,0.2451506,1.681478,0.3384604,-0.03374182,-0.01926819,-0.006584912,-0.2024578,-0.6180245,2.7897,0.6607312,1.666864,0.2881141,-0.03203052,0.01281755,-0.007713247,-1.225019,-0.04273455,0.2327227,0.7280322,1.626224,0.1459243,0.03822974,1.726012,0.2566294,278.6669,75.35271,190.9738
3,1.955559,0.05594991,-0.04862317,-0.0419197,-0.909192,1.453562,-1.636673,0.4586213,1.626308,0.371208,0.06870265,0.06027598,0.01314334,-0.8234047,-4.708462,2.144597,0.2452605,1.681221,0.338619,-0.0359425,-0.01172548,-0.01823127,-0.201882,-0.6167989,2.788825,0.6608635,1.66679,0.2876298,-0.03855572,0.02133272,-0.02469663,-1.22561,-0.04226436,0.2332602,0.7281557,1.626303,0.1457818,0.03866038,1.726161,0.2569469,279.0231,75.61269,190.9471
3,1.966671,0.03532965,-0.05153556,-0.05435187,-0.9088091,1.45262,-1.636879,0.4587347,1.625905,0.3714108,0.07192019,0.05961515,0.01750356,-0.8225706,-4.709726,2.1456,0.2454828,1.680835,0.3389318,-0.03817723,-0.003082741,-0.03306068,-0.2009739,-0.616616,2.789149,0.6608241,1.666703,0.287451,-0.0482659,0.03520229,-0.04379522,-1.226522,-0.04109644,0.2337307,0.7283061,1.626235,0.1456237,0.03921847,1.726478,0.2575303,279.4629,76.75519,190.0934
3,1.977782,0.000510361,-0.04629371,-0.06527007,-0.9086705,1.451937,-1.638057,0.4588313,1.625573,0.3715169,0.09245129,0.05139384,0.02339204,-0.8219612,-4.711185,2.147617,0.2457107,1.680454,0.3392565,-0.02655858,0.005507417,-0.04694596,-0.2000087,-0.6163038,2.7888,0.6607063,1.666526,0.287364,-0.05364177,0.04692006,-0.05440494,-1.227125,-0.04015381,0.2342367,0.7284155,1.626281,0.1455007,0.03967857,1.726895,0.2581758,279.8828,78.09402,188.986
3,1.988893,-0.1002545,-0.01812167,-0.07994101,-0.9084405,1.451481,-1.643492,0.4588516,1.624953,0.3718479,0.1940456,0.03234489,0.01846123,-0.8220992,1.569392,2.15411,0.2460142,1.679752,0.3399091,-0.007553957,0.02162387,-0.07361816,-0.1982255,-0.6166956,2.788381,0.6605722,1.666587,0.2874951,-0.0610937,0.0597342,-0.06074123,-1.227754,-0.03875246,0.2347188,0.7284673,1.626294,0.1453822,0.04051968,1.727543,0.2589483,280.5233,79.87424,187.4976
3,2.000004,-0.1526134,0.04131776,-0.05868495,-0.9108719,1.450464,-1.647354,0.4589581,1.623955,0.3723292,0.240895,-0.01917568,0.06082275,-0.8243107,1.568701,2.15815,0.2463289,1.678988,0.3406992,0.01979506,0.03252541,-0.1163984,-0.1951991,-0.6155819,2.786216,0.660391,1.666552,0.2874618,-0.06941754,0.07577351,-0.05002877,-1.22762,-0.03742221,0.2353244,0.7284735,1.626285,0.1452708,0.04169388,1.728172,0.2597475,281.2357,80.35355,187.1441
3,2.011115,-0.2408327,0.1018103,-0.05499328,-0.9142845,1.449575,-1.651355,0.4590273,1.622772,0.3730373,0.280607,-0.07642442,0.1052071,-0.8269024,1.566738,2.165218,0.2468639,1.678097,0.3417184,0.02912702,0.03593066,-0.1494729,-0.1926371,-0.6117531,2.781504,0.6600603,1.66642,0.2874272,-0.08087443,0.09610589,-0.03609503,-1.227112,-0.03558662,0.2359699,0.7284125,1.626304,0.1450875,0.0429024,1.728852,0.260416,281.98,80.38969,187.2053
3,2.022226,-0.3161215,0.1419134,-0.04291143,-0.9178159,1.448514,-1.656207,0.4590934,1.621585,0.3737631,0.330468,-0.1202179,0.1432816,-0.8291267,1.565113,2.172661,0.2471422,1.677141,0.3427784,0.04159273,0.07568341,-0.1982864,-0.1883153,-0.6156785,2.784623,0.6595703,1.666173,0.2874687,-0.08085161,0.09929484,-0.03502922,-1.227129,-0.03443148,0.2365633,0.7282891,1.626292,0.144949,0.04465148,1.729732,0.2612662,282.9993,79.42812,188.1635
3,2.033337,-0.4254552,0.2012585,0.01049763,-0.9226447,1.446179,-1.662513,0.4590063,1.620122,0.3748009,0.4114935,-0.1701858,0.2071627,-0.8328184,1.565595,2.181221,0.2478044,1.675786,0.3441441,0.04134828,0.1025781,-0.2342909,-0.1843371,-0.6181046,2.786684,0.6591233,1.666126,0.2875838,-0.07229649,0.09073697,-0.02764701,-1.22703,-0.03374505,0.2367819,0.7281705,1.626374,0.1447637,0.0468247,1.730901,0.2620052,284.3787,79.19066,188.5714
3,2.044448,-0.596467,0.2715715,0.07098138,-0.9287534,1.445248,-1.673417,0.459037,1.618052,0.3762655,0.5532333,-0.2527359,0.254653,-0.8373532,1.566328,2.193879,0.2486657,1.673745,0.345865,0.07339099,0.164358,-0.2458173,-0.179928,-0.6318271,2.798406,0.6584323,1.665932,0.2877808,-0.06476094,0.1024028,-0.02668194,-1.22699,-0.03230641,0.236746,0.727882,1.626442,0.1446385,0.04929143,1.732357,0.2629185,286.296,79.57007,188.2574
3,2.055559,-0.6596602,0.3151346,0.09241825,-0.9337117,1.445021,-1.680794,0.4590875,1.616323,0.3774064,0.5830193,-0.2947584,0.2712787,-0.8413384,1.565857,2.20376,0.2493817,1.672178,0.3471415,0.1406543,0.2291793,-0.2501748,-0.1756728,-0.6513147,2.813936,0.6579014,1.665681,0.2878563,-0.05726609,0.110879,-0.02784117,-1.226998,-0.0306635,0.2365673,0.7276607,1.626502,0.1445813,0.05206407,1.734125,0.2638744,288.3035,81.32643,186.6598
3,2.06667,-0.7433113,0.3654552,0.08997305,-0.9392873,1.445336,-1.688603,0.4593696,1.614128,0.3788342,0.5950631,-0.3351713,0.283124,-0.8461699,1.563954,2.216695,0.2504343,1.670305,0.3487818,0.199356,0.2383811,-0.3624814,-0.167222,-0.6535643,2.811837,0.6573273,1.665312,0.2882886,-0.03350414,0.1182476,-0.001454521,-1.225623,-0.0294242,0.2356759,0.7271783,1.626499,0.14465,0.05510606,1.736113,0.2648121,290.3511,83.36543,184.7362
3,2.077781,-0.793355,0.3935618,0.07719496,-0.9438781,1.444767,-1.69587,0.4596225,1.612203,0.3801663,0.6126562,-0.3414266,0.2921141,-0.8502525,1.561351,2.228987,0.251413,1.668668,0.350353,0.2304305,0.1824432,-0.4441557,-0.1599921,-0.6376371,2.792803,0.6567907,1.665017,0.2888644,-0.02570307,0.1384882,0.02079828,-1.224123,-0.0273251,0.2350687,0.7268813,1.626605,0.1446784,0.05805858,1.737768,0.2663172,292.1692,84.55455,183.4174
3,2.088892,-0.9513168,0.4430165,0.05815706,-0.9493573,1.443981,-1.705471,0.4600039,1.609902,0.3817029,0.6722703,-0.3570459,0.3152388,-0.8553083,1.557288,2.247875,0.2531304,1.666825,0.3523903,0.2598215,0.1688657,-0.4913748,-0.1532053,-0.6309633,2.782173,0.6562784,1.66463,0.2891755,-0.00392887,0.1544118,0.05676361,-1.2217,-0.02538285,0.2336556,0.7265083,1.626772,0.1446509,0.06177286,1.739805,0.2675465,293.8673,87.38406,180.6517
3,2.100003,-1.029606,0.4518847,0.04939067,-0.9546111,1.442266,-1.714922,0.4603198,1.607656,0.3832381,0.7316771,-0.3555488,0.3452852,-0.8590234,1.554021,2.264189,0.25449,1.665067,0.3541977,0.25648,0.1732801,-0.5083622,-0.1466518,-0.6315464,2.780197,0.6557211,1.664353,0.2894633,0.02493232,0.1361725,0.07567413,-1.220086,-0.02493172,0.2322559,0.7260712,1.626956,0.1446009,0.06624067,1.741742,0.2686735,295.3112,88.85484,179.3998
3,2.111114,-1.116541,0.4902196,0.08557427,-0.9603487,1.440017,-1.724463,0.4608094,1.605331,0.3850787,0.786686,-0.3554802,0.3841961,-0.8645707,1.552481,2.281019,0.2562951,1.663121,0.3562379,0.255616,0.187,-0.4911938,-0.1413329,-0.636069,2.781767,0.6550524,1.664002,0.2897699,0.03760415,0.1158576,0.07557686,-1.219185,-0.02460348,0.2312702,0.7256516,1.62709,0.1445508,0.07025146,1.743402,0.2696679,297.0688,88.98498,179.0187
3,2.122225,-1.266405,0.4959362,0.09400091,-0.9661938,1.438502,-1.73474,0.461249,1.602852,0.3869429,0.8309684,-0.3589225,0.4066048,-0.8685991,1.549648,2.302193,0.258381,1.661303,0.3582337,0.2977166,0.2718625,-0.4568223,-0.1356439,-0.6680207,2.808724,0.654222,1.6636,0.2901936,0.05551398,0.1221048,0.05300335,-1.219048,-0.02292556,0.2295501,0.7252907,1.627234,0.1445186,0.07521613,1.745185,0.2711909,298.7238,89.53322,178.3814
3,2.133336,-1.38101,0.4983987,0.06745604,-0.9710045,1.43689,-1.744012,0.4618243,1.600497,0.3887172,0.8485274,-0.340828,0.4096099,-0.8720393,1.544682,2.324386,0.2604002,1.659327,0.3604162,0.3333093,0.3000875,-0.5378754,-0.1260815,-0.6774986,2.813314,0.6535714,1.6631,0.2906539,0.07586773,0.1241369,0.0623743,-1.217752,-0.0216527,0.2275509,0.7248827,1.627311,0.1444988,0.08032922,1.746928,0.2721275,300.1071,90.16026,177.9266
3,2.144447,-1.42044,0.5021784,0.06234324,-0.975166,1.433799,-1.752974,0.4626534,1.597889,0.3907654,0.8784109,-0.2951478,0.4191282,-0.8760202,1.540881,2.344041,0.2626437,1.657324,0.3626528,0.3334491,0.2261313,-0.6183488,-0.1170507,-0.6526589,2.784989,0.6530919,1.662792,0.2912045,0.07932897,0.1188587,0.09107718,-1.216038,-0.0206098,0.2262728,0.7249141,1.62756,0.1444073,0.08594358,1.748545,0.2743763,301.7978,89.32891,178.0885
3,2.155558,-1.463417,0.493972,0.03632846,-0.9788907,1.431078,-1.763062,0.4634165,1.595218,0.3927553,0.9211706,-0.2606915,0.4121304,-0.879297,1.536111,2.364486,0.265021,1.655197,0.3649945,0.3382561,0.1699362,-0.6571789,-0.109351,-0.6256608,2.754439,0.6526692,1.662521,0.2917039,0.0708869,0.1242371,0.09542305,-1.214471,-0.01934414,0.2253255,0.7244536,1.627628,0.1443977,0.09104231,1.750007,0.2752606,303.725,88.36891,178.2472
3,2.166669,-1.541853,0.4623809,-0.01122504,-0.980733,1.4281,-1.775803,0.4644693,1.592533,0.394804,1.017846,-0.2100033,0.3776786,-0.8808565,1.529429,2.388327,0.2677613,1.652661,0.3675084,0.3572811,0.1176732,-0.6566819,-0.1027911,-0.5931165,2.717506,0.6521137,1.662199,0.2920899,0.05560206,0.1157448,0.06470284,-1.214528,-0.01822401,0.224848,0.7241048,1.627751,0.1442761,0.09739675,1.751096,0.2760174,306.3028,86.04704,179.0056
3,2.17778,-1.590273,0.4397405,0.008228272,-0.9838527,1.425561,-1.788448,0.4654126,1.589705,0.3970566,1.08057,-0.1925409,0.3693504,-0.8832358,1.526232,2.409546,0.270789,1.649775,0.3703265,0.3996601,0.1659448,-0.5757356,-0.09795693,-0.613649,2.732209,0.6513335,1.661658,0.2926729,0.04775998,0.1061479,0.03283421,-1.215196,-0.01708538,0.2241292,0.7236401,1.627964,0.1442404,0.1036746,1.75239,0.2773517,308.5549,85.26913,178.882
3,2.188891,-1.629888,0.4289858,0.05019832,-0.9885505,1.422559,-1.799977,0.4667767,1.586525,0.3994496,1.100902,-0.1940743,0.3985198,-0.8861077,1.524011,2.43047,0.273953,1.647018,0.373049,0.5004088,0.3253226,-0.560478,-0.08944546,-0.6867648,2.795652,0.6506458,1.660955,0.2933407,0.06676612,0.09004774,0.02520554,-1.215181,-0.01662106,0.2225862,0.7231116,1.62805,0.144285,0.1103726,1.753308,0.2790137,310.6346,86.17325,177.7798
3,2.200002,-1.644097,0.4162145,0.05347626,-0.9934065,1.419599,-1.808359,0.4680839,1.583416,0.4017291,1.055092,-0.1874438,0.4176593,-0.8885381,1.520272,2.451679,0.2770327,1.644417,0.3755221,0.5057371,0.2898909,-0.6673656,-0.07777122,-0.6561518,2.759661,0.6500155,1.660471,0.2942722,0.07794265,0.08369128,0.07834305,-1.212562,-0.01639349,0.2211686,0.7224907,1.628152,0.1444933,0.1177918,1.754409,0.2805334,312.321,87.81655,176.4738
3,2.211113,-1.686208,0.4135389,-0.01921524,-0.994149,1.418024,-1.819901,0.4695351,1.580408,0.4038444,1.067917,-0.1502429,0.3443094,-0.8904572,1.512175,2.476561,0.2806116,1.641666,0.3779979,0.5038427,0.2211899,-0.7381937,-0.0680182,-0.5966529,2.694991,0.6496778,1.660067,0.2950513,0.07513893,0.1029343,0.1049725,-1.210087,-0.01493874,0.2199057,0.721929,1.6284,0.1446683,0.1254948,1.755017,0.2821974,313.9901,89.78259,175.0373
3,2.222224,-1.723618,0.3716943,-0.1017746,-0.9938406,1.414084,-1.832862,0.4713147,1.577426,0.4058139,1.14801,-0.07880169,0.2900686,-0.8902245,1.503416,2.502091,0.2847727,1.638471,0.3806899,0.533177,0.1606473,-0.7741003,-0.05914881,-0.5199084,2.611418,0.6493151,1.659649,0.295671,0.08261955,0.0890701,0.115565,-1.208547,-0.01453527,0.2187217,0.7214099,1.628653,0.1445858,0.1338938,1.75496,0.2838428,316.039,89.37505,174.3166
3,2.233335,-1.758809,0.3628139,-0.1276081,-0.9943024,1.410416,-1.846003,0.473037,1.5745,0.4080248,1.212354,-0.04183197,0.2618749,-0.8912881,1.496683,2.526201,0.2887988,1.635304,0.3834808,0.5275634,0.1320832,-0.7977002,-0.05102563,-0.4355671,2.521621,0.6489471,1.659213,0.2961357,0.08686985,0.0645662,0.1272811,-1.206884,-0.01510398,0.217764,0.7210006,1.628901,0.1445575,0.141355,1.754843,0.2852137,317.9375,88.98076,173.8013
3,2.244446,-1.824354,0.3490789,-0.1382478,-0.9957037,1.407236,-1.863883,0.4753885,1.570629,0.410562,1.360181,-0.03462613,0.2487596,-0.8920056,1.489545,2.552635,0.2933668,1.631397,0.3864639,0.4790164,0.1007032,-0.8539941,-0.04207741,-0.2797506,2.362518,0.6483625,1.658437,0.2965448,0.05364348,0.02960725,0.1276808,-1.205763,-0.01619508,0.2187715,0.7207543,1.628999,0.1443624,0.1501133,1.753969,0.2865803,319.7098,88.43531,173.4546
3,2.255557,-1.861892,0.3361623,-0.1326311,-0.9971498,1.403832,-1.879918,0.4773966,1.567147,0.4132028,1.436063,-0.02618831,0.2418988,-0.892878,1.483465,2.577879,0.2978376,1.627557,0.3896697,0.4734329,0.1768937,-0.7841256,-0.03442296,-0.24484,2.322666,0.6476644,1.657617,0.2971778,0.04375758,0.04239758,0.09258282,-1.205982,-0.01479253,0.2180956,0.7203715,1.629039,0.1441753,0.1586165,1.753018,0.2879151,321.5079,87.94654,173.1253
3,2.266668,-1.863731,0.2954946,-0.07888027,-0.9990327,1.400002,-1.896309,0.4798265,1.563294,0.4159999,1.49739,-0.02175808,0.2537234,-0.8930655,1.480477,2.60031,0.3024956,1.623128,0.3930526,0.5354109,0.3668006,-0.7054435,-0.02371385,-0.3993505,2.469032,0.6469045,1.656564,0.2979643,0.07250357,0.07522589,0.0730489,-1.20552,-0.01280368,0.2156721,0.7199576,1.629104,0.1441402,0.1675557,1.750884,0.2891859,323.3536,87.12985,172.8912
